
========== INPUT 1 ==========
No. of Vertices: 10
No.of edges: 10
Original vertices: [0, 1, 2, 3, 4, 5, 6, 7, 8, 9]
Shuffled vertices:[3, 4, 9, 1, 6, 7, 2, 8, 5, 0]
Edges: [(4, 3), (9, 4), (1, 3), (6, 4), (7, 4), (2, 7), (8, 6), (5, 9), (0, 2), (0, 1)]
Power set: [[], [0], [1], [0, 1], [2], [0, 2], [1, 2], [0, 1, 2], [3], [0, 3], [1, 3], [0, 1, 3], [2, 3], [0, 2, 3], [1, 2, 3], [0, 1, 2, 3], [4], [0, 4], [1, 4], [0, 1, 4], [2, 4], [0, 2, 4], [1, 2, 4], [0, 1, 2, 4], [3, 4], [0, 3, 4], [1, 3, 4], [0, 1, 3, 4], [2, 3, 4], [0, 2, 3, 4], [1, 2, 3, 4], [0, 1, 2, 3, 4], [5], [0, 5], [1, 5], [0, 1, 5], [2, 5], [0, 2, 5], [1, 2, 5], [0, 1, 2, 5], [3, 5], [0, 3, 5], [1, 3, 5], [0, 1, 3, 5], [2, 3, 5], [0, 2, 3, 5], [1, 2, 3, 5], [0, 1, 2, 3, 5], [4, 5], [0, 4, 5], [1, 4, 5], [0, 1, 4, 5], [2, 4, 5], [0, 2, 4, 5], [1, 2, 4, 5], [0, 1, 2, 4, 5], [3, 4, 5], [0, 3, 4, 5], [1, 3, 4, 5], [0, 1, 3, 4, 5], [2, 3, 4, 5], [0, 2, 3, 4, 5], [1, 2, 3, 4, 5], [0, 1, 2, 3, 4, 5], [6], [0, 6], [1, 6], [0, 1, 6], [2, 6], [0, 2, 6], [1, 2, 6], [0, 1, 2, 6], [3, 6], [0, 3, 6], [1, 3, 6], [0, 1, 3, 6], [2, 3, 6], [0, 2, 3, 6], [1, 2, 3, 6], [0, 1, 2, 3, 6], [4, 6], [0, 4, 6], [1, 4, 6], [0, 1, 4, 6], [2, 4, 6], [0, 2, 4, 6], [1, 2, 4, 6], [0, 1, 2, 4, 6], [3, 4, 6], [0, 3, 4, 6], [1, 3, 4, 6], [0, 1, 3, 4, 6], [2, 3, 4, 6], [0, 2, 3, 4, 6], [1, 2, 3, 4, 6], [0, 1, 2, 3, 4, 6], [5, 6], [0, 5, 6], [1, 5, 6], [0, 1, 5, 6], [2, 5, 6], [0, 2, 5, 6], [1, 2, 5, 6], [0, 1, 2, 5, 6], [3, 5, 6], [0, 3, 5, 6], [1, 3, 5, 6], [0, 1, 3, 5, 6], [2, 3, 5, 6], [0, 2, 3, 5, 6], [1, 2, 3, 5, 6], [0, 1, 2, 3, 5, 6], [4, 5, 6], [0, 4, 5, 6], [1, 4, 5, 6], [0, 1, 4, 5, 6], [2, 4, 5, 6], [0, 2, 4, 5, 6], [1, 2, 4, 5, 6], [0, 1, 2, 4, 5, 6], [3, 4, 5, 6], [0, 3, 4, 5, 6], [1, 3, 4, 5, 6], [0, 1, 3, 4, 5, 6], [2, 3, 4, 5, 6], [0, 2, 3, 4, 5, 6], [1, 2, 3, 4, 5, 6], [0, 1, 2, 3, 4, 5, 6], [7], [0, 7], [1, 7], [0, 1, 7], [2, 7], [0, 2, 7], [1, 2, 7], [0, 1, 2, 7], [3, 7], [0, 3, 7], [1, 3, 7], [0, 1, 3, 7], [2, 3, 7], [0, 2, 3, 7], [1, 2, 3, 7], [0, 1, 2, 3, 7], [4, 7], [0, 4, 7], [1, 4, 7], [0, 1, 4, 7], [2, 4, 7], [0, 2, 4, 7], [1, 2, 4, 7], [0, 1, 2, 4, 7], [3, 4, 7], [0, 3, 4, 7], [1, 3, 4, 7], [0, 1, 3, 4, 7], [2, 3, 4, 7], [0, 2, 3, 4, 7], [1, 2, 3, 4, 7], [0, 1, 2, 3, 4, 7], [5, 7], [0, 5, 7], [1, 5, 7], [0, 1, 5, 7], [2, 5, 7], [0, 2, 5, 7], [1, 2, 5, 7], [0, 1, 2, 5, 7], [3, 5, 7], [0, 3, 5, 7], [1, 3, 5, 7], [0, 1, 3, 5, 7], [2, 3, 5, 7], [0, 2, 3, 5, 7], [1, 2, 3, 5, 7], [0, 1, 2, 3, 5, 7], [4, 5, 7], [0, 4, 5, 7], [1, 4, 5, 7], [0, 1, 4, 5, 7], [2, 4, 5, 7], [0, 2, 4, 5, 7], [1, 2, 4, 5, 7], [0, 1, 2, 4, 5, 7], [3, 4, 5, 7], [0, 3, 4, 5, 7], [1, 3, 4, 5, 7], [0, 1, 3, 4, 5, 7], [2, 3, 4, 5, 7], [0, 2, 3, 4, 5, 7], [1, 2, 3, 4, 5, 7], [0, 1, 2, 3, 4, 5, 7], [6, 7], [0, 6, 7], [1, 6, 7], [0, 1, 6, 7], [2, 6, 7], [0, 2, 6, 7], [1, 2, 6, 7], [0, 1, 2, 6, 7], [3, 6, 7], [0, 3, 6, 7], [1, 3, 6, 7], [0, 1, 3, 6, 7], [2, 3, 6, 7], [0, 2, 3, 6, 7], [1, 2, 3, 6, 7], [0, 1, 2, 3, 6, 7], [4, 6, 7], [0, 4, 6, 7], [1, 4, 6, 7], [0, 1, 4, 6, 7], [2, 4, 6, 7], [0, 2, 4, 6, 7], [1, 2, 4, 6, 7], [0, 1, 2, 4, 6, 7], [3, 4, 6, 7], [0, 3, 4, 6, 7], [1, 3, 4, 6, 7], [0, 1, 3, 4, 6, 7], [2, 3, 4, 6, 7], [0, 2, 3, 4, 6, 7], [1, 2, 3, 4, 6, 7], [0, 1, 2, 3, 4, 6, 7], [5, 6, 7], [0, 5, 6, 7], [1, 5, 6, 7], [0, 1, 5, 6, 7], [2, 5, 6, 7], [0, 2, 5, 6, 7], [1, 2, 5, 6, 7], [0, 1, 2, 5, 6, 7], [3, 5, 6, 7], [0, 3, 5, 6, 7], [1, 3, 5, 6, 7], [0, 1, 3, 5, 6, 7], [2, 3, 5, 6, 7], [0, 2, 3, 5, 6, 7], [1, 2, 3, 5, 6, 7], [0, 1, 2, 3, 5, 6, 7], [4, 5, 6, 7], [0, 4, 5, 6, 7], [1, 4, 5, 6, 7], [0, 1, 4, 5, 6, 7], [2, 4, 5, 6, 7], [0, 2, 4, 5, 6, 7], [1, 2, 4, 5, 6, 7], [0, 1, 2, 4, 5, 6, 7], [3, 4, 5, 6, 7], [0, 3, 4, 5, 6, 7], [1, 3, 4, 5, 6, 7], [0, 1, 3, 4, 5, 6, 7], [2, 3, 4, 5, 6, 7], [0, 2, 3, 4, 5, 6, 7], [1, 2, 3, 4, 5, 6, 7], [0, 1, 2, 3, 4, 5, 6, 7], [8], [0, 8], [1, 8], [0, 1, 8], [2, 8], [0, 2, 8], [1, 2, 8], [0, 1, 2, 8], [3, 8], [0, 3, 8], [1, 3, 8], [0, 1, 3, 8], [2, 3, 8], [0, 2, 3, 8], [1, 2, 3, 8], [0, 1, 2, 3, 8], [4, 8], [0, 4, 8], [1, 4, 8], [0, 1, 4, 8], [2, 4, 8], [0, 2, 4, 8], [1, 2, 4, 8], [0, 1, 2, 4, 8], [3, 4, 8], [0, 3, 4, 8], [1, 3, 4, 8], [0, 1, 3, 4, 8], [2, 3, 4, 8], [0, 2, 3, 4, 8], [1, 2, 3, 4, 8], [0, 1, 2, 3, 4, 8], [5, 8], [0, 5, 8], [1, 5, 8], [0, 1, 5, 8], [2, 5, 8], [0, 2, 5, 8], [1, 2, 5, 8], [0, 1, 2, 5, 8], [3, 5, 8], [0, 3, 5, 8], [1, 3, 5, 8], [0, 1, 3, 5, 8], [2, 3, 5, 8], [0, 2, 3, 5, 8], [1, 2, 3, 5, 8], [0, 1, 2, 3, 5, 8], [4, 5, 8], [0, 4, 5, 8], [1, 4, 5, 8], [0, 1, 4, 5, 8], [2, 4, 5, 8], [0, 2, 4, 5, 8], [1, 2, 4, 5, 8], [0, 1, 2, 4, 5, 8], [3, 4, 5, 8], [0, 3, 4, 5, 8], [1, 3, 4, 5, 8], [0, 1, 3, 4, 5, 8], [2, 3, 4, 5, 8], [0, 2, 3, 4, 5, 8], [1, 2, 3, 4, 5, 8], [0, 1, 2, 3, 4, 5, 8], [6, 8], [0, 6, 8], [1, 6, 8], [0, 1, 6, 8], [2, 6, 8], [0, 2, 6, 8], [1, 2, 6, 8], [0, 1, 2, 6, 8], [3, 6, 8], [0, 3, 6, 8], [1, 3, 6, 8], [0, 1, 3, 6, 8], [2, 3, 6, 8], [0, 2, 3, 6, 8], [1, 2, 3, 6, 8], [0, 1, 2, 3, 6, 8], [4, 6, 8], [0, 4, 6, 8], [1, 4, 6, 8], [0, 1, 4, 6, 8], [2, 4, 6, 8], [0, 2, 4, 6, 8], [1, 2, 4, 6, 8], [0, 1, 2, 4, 6, 8], [3, 4, 6, 8], [0, 3, 4, 6, 8], [1, 3, 4, 6, 8], [0, 1, 3, 4, 6, 8], [2, 3, 4, 6, 8], [0, 2, 3, 4, 6, 8], [1, 2, 3, 4, 6, 8], [0, 1, 2, 3, 4, 6, 8], [5, 6, 8], [0, 5, 6, 8], [1, 5, 6, 8], [0, 1, 5, 6, 8], [2, 5, 6, 8], [0, 2, 5, 6, 8], [1, 2, 5, 6, 8], [0, 1, 2, 5, 6, 8], [3, 5, 6, 8], [0, 3, 5, 6, 8], [1, 3, 5, 6, 8], [0, 1, 3, 5, 6, 8], [2, 3, 5, 6, 8], [0, 2, 3, 5, 6, 8], [1, 2, 3, 5, 6, 8], [0, 1, 2, 3, 5, 6, 8], [4, 5, 6, 8], [0, 4, 5, 6, 8], [1, 4, 5, 6, 8], [0, 1, 4, 5, 6, 8], [2, 4, 5, 6, 8], [0, 2, 4, 5, 6, 8], [1, 2, 4, 5, 6, 8], [0, 1, 2, 4, 5, 6, 8], [3, 4, 5, 6, 8], [0, 3, 4, 5, 6, 8], [1, 3, 4, 5, 6, 8], [0, 1, 3, 4, 5, 6, 8], [2, 3, 4, 5, 6, 8], [0, 2, 3, 4, 5, 6, 8], [1, 2, 3, 4, 5, 6, 8], [0, 1, 2, 3, 4, 5, 6, 8], [7, 8], [0, 7, 8], [1, 7, 8], [0, 1, 7, 8], [2, 7, 8], [0, 2, 7, 8], [1, 2, 7, 8], [0, 1, 2, 7, 8], [3, 7, 8], [0, 3, 7, 8], [1, 3, 7, 8], [0, 1, 3, 7, 8], [2, 3, 7, 8], [0, 2, 3, 7, 8], [1, 2, 3, 7, 8], [0, 1, 2, 3, 7, 8], [4, 7, 8], [0, 4, 7, 8], [1, 4, 7, 8], [0, 1, 4, 7, 8], [2, 4, 7, 8], [0, 2, 4, 7, 8], [1, 2, 4, 7, 8], [0, 1, 2, 4, 7, 8], [3, 4, 7, 8], [0, 3, 4, 7, 8], [1, 3, 4, 7, 8], [0, 1, 3, 4, 7, 8], [2, 3, 4, 7, 8], [0, 2, 3, 4, 7, 8], [1, 2, 3, 4, 7, 8], [0, 1, 2, 3, 4, 7, 8], [5, 7, 8], [0, 5, 7, 8], [1, 5, 7, 8], [0, 1, 5, 7, 8], [2, 5, 7, 8], [0, 2, 5, 7, 8], [1, 2, 5, 7, 8], [0, 1, 2, 5, 7, 8], [3, 5, 7, 8], [0, 3, 5, 7, 8], [1, 3, 5, 7, 8], [0, 1, 3, 5, 7, 8], [2, 3, 5, 7, 8], [0, 2, 3, 5, 7, 8], [1, 2, 3, 5, 7, 8], [0, 1, 2, 3, 5, 7, 8], [4, 5, 7, 8], [0, 4, 5, 7, 8], [1, 4, 5, 7, 8], [0, 1, 4, 5, 7, 8], [2, 4, 5, 7, 8], [0, 2, 4, 5, 7, 8], [1, 2, 4, 5, 7, 8], [0, 1, 2, 4, 5, 7, 8], [3, 4, 5, 7, 8], [0, 3, 4, 5, 7, 8], [1, 3, 4, 5, 7, 8], [0, 1, 3, 4, 5, 7, 8], [2, 3, 4, 5, 7, 8], [0, 2, 3, 4, 5, 7, 8], [1, 2, 3, 4, 5, 7, 8], [0, 1, 2, 3, 4, 5, 7, 8], [6, 7, 8], [0, 6, 7, 8], [1, 6, 7, 8], [0, 1, 6, 7, 8], [2, 6, 7, 8], [0, 2, 6, 7, 8], [1, 2, 6, 7, 8], [0, 1, 2, 6, 7, 8], [3, 6, 7, 8], [0, 3, 6, 7, 8], [1, 3, 6, 7, 8], [0, 1, 3, 6, 7, 8], [2, 3, 6, 7, 8], [0, 2, 3, 6, 7, 8], [1, 2, 3, 6, 7, 8], [0, 1, 2, 3, 6, 7, 8], [4, 6, 7, 8], [0, 4, 6, 7, 8], [1, 4, 6, 7, 8], [0, 1, 4, 6, 7, 8], [2, 4, 6, 7, 8], [0, 2, 4, 6, 7, 8], [1, 2, 4, 6, 7, 8], [0, 1, 2, 4, 6, 7, 8], [3, 4, 6, 7, 8], [0, 3, 4, 6, 7, 8], [1, 3, 4, 6, 7, 8], [0, 1, 3, 4, 6, 7, 8], [2, 3, 4, 6, 7, 8], [0, 2, 3, 4, 6, 7, 8], [1, 2, 3, 4, 6, 7, 8], [0, 1, 2, 3, 4, 6, 7, 8], [5, 6, 7, 8], [0, 5, 6, 7, 8], [1, 5, 6, 7, 8], [0, 1, 5, 6, 7, 8], [2, 5, 6, 7, 8], [0, 2, 5, 6, 7, 8], [1, 2, 5, 6, 7, 8], [0, 1, 2, 5, 6, 7, 8], [3, 5, 6, 7, 8], [0, 3, 5, 6, 7, 8], [1, 3, 5, 6, 7, 8], [0, 1, 3, 5, 6, 7, 8], [2, 3, 5, 6, 7, 8], [0, 2, 3, 5, 6, 7, 8], [1, 2, 3, 5, 6, 7, 8], [0, 1, 2, 3, 5, 6, 7, 8], [4, 5, 6, 7, 8], [0, 4, 5, 6, 7, 8], [1, 4, 5, 6, 7, 8], [0, 1, 4, 5, 6, 7, 8], [2, 4, 5, 6, 7, 8], [0, 2, 4, 5, 6, 7, 8], [1, 2, 4, 5, 6, 7, 8], [0, 1, 2, 4, 5, 6, 7, 8], [3, 4, 5, 6, 7, 8], [0, 3, 4, 5, 6, 7, 8], [1, 3, 4, 5, 6, 7, 8], [0, 1, 3, 4, 5, 6, 7, 8], [2, 3, 4, 5, 6, 7, 8], [0, 2, 3, 4, 5, 6, 7, 8], [1, 2, 3, 4, 5, 6, 7, 8], [0, 1, 2, 3, 4, 5, 6, 7, 8], [9], [0, 9], [1, 9], [0, 1, 9], [2, 9], [0, 2, 9], [1, 2, 9], [0, 1, 2, 9], [3, 9], [0, 3, 9], [1, 3, 9], [0, 1, 3, 9], [2, 3, 9], [0, 2, 3, 9], [1, 2, 3, 9], [0, 1, 2, 3, 9], [4, 9], [0, 4, 9], [1, 4, 9], [0, 1, 4, 9], [2, 4, 9], [0, 2, 4, 9], [1, 2, 4, 9], [0, 1, 2, 4, 9], [3, 4, 9], [0, 3, 4, 9], [1, 3, 4, 9], [0, 1, 3, 4, 9], [2, 3, 4, 9], [0, 2, 3, 4, 9], [1, 2, 3, 4, 9], [0, 1, 2, 3, 4, 9], [5, 9], [0, 5, 9], [1, 5, 9], [0, 1, 5, 9], [2, 5, 9], [0, 2, 5, 9], [1, 2, 5, 9], [0, 1, 2, 5, 9], [3, 5, 9], [0, 3, 5, 9], [1, 3, 5, 9], [0, 1, 3, 5, 9], [2, 3, 5, 9], [0, 2, 3, 5, 9], [1, 2, 3, 5, 9], [0, 1, 2, 3, 5, 9], [4, 5, 9], [0, 4, 5, 9], [1, 4, 5, 9], [0, 1, 4, 5, 9], [2, 4, 5, 9], [0, 2, 4, 5, 9], [1, 2, 4, 5, 9], [0, 1, 2, 4, 5, 9], [3, 4, 5, 9], [0, 3, 4, 5, 9], [1, 3, 4, 5, 9], [0, 1, 3, 4, 5, 9], [2, 3, 4, 5, 9], [0, 2, 3, 4, 5, 9], [1, 2, 3, 4, 5, 9], [0, 1, 2, 3, 4, 5, 9], [6, 9], [0, 6, 9], [1, 6, 9], [0, 1, 6, 9], [2, 6, 9], [0, 2, 6, 9], [1, 2, 6, 9], [0, 1, 2, 6, 9], [3, 6, 9], [0, 3, 6, 9], [1, 3, 6, 9], [0, 1, 3, 6, 9], [2, 3, 6, 9], [0, 2, 3, 6, 9], [1, 2, 3, 6, 9], [0, 1, 2, 3, 6, 9], [4, 6, 9], [0, 4, 6, 9], [1, 4, 6, 9], [0, 1, 4, 6, 9], [2, 4, 6, 9], [0, 2, 4, 6, 9], [1, 2, 4, 6, 9], [0, 1, 2, 4, 6, 9], [3, 4, 6, 9], [0, 3, 4, 6, 9], [1, 3, 4, 6, 9], [0, 1, 3, 4, 6, 9], [2, 3, 4, 6, 9], [0, 2, 3, 4, 6, 9], [1, 2, 3, 4, 6, 9], [0, 1, 2, 3, 4, 6, 9], [5, 6, 9], [0, 5, 6, 9], [1, 5, 6, 9], [0, 1, 5, 6, 9], [2, 5, 6, 9], [0, 2, 5, 6, 9], [1, 2, 5, 6, 9], [0, 1, 2, 5, 6, 9], [3, 5, 6, 9], [0, 3, 5, 6, 9], [1, 3, 5, 6, 9], [0, 1, 3, 5, 6, 9], [2, 3, 5, 6, 9], [0, 2, 3, 5, 6, 9], [1, 2, 3, 5, 6, 9], [0, 1, 2, 3, 5, 6, 9], [4, 5, 6, 9], [0, 4, 5, 6, 9], [1, 4, 5, 6, 9], [0, 1, 4, 5, 6, 9], [2, 4, 5, 6, 9], [0, 2, 4, 5, 6, 9], [1, 2, 4, 5, 6, 9], [0, 1, 2, 4, 5, 6, 9], [3, 4, 5, 6, 9], [0, 3, 4, 5, 6, 9], [1, 3, 4, 5, 6, 9], [0, 1, 3, 4, 5, 6, 9], [2, 3, 4, 5, 6, 9], [0, 2, 3, 4, 5, 6, 9], [1, 2, 3, 4, 5, 6, 9], [0, 1, 2, 3, 4, 5, 6, 9], [7, 9], [0, 7, 9], [1, 7, 9], [0, 1, 7, 9], [2, 7, 9], [0, 2, 7, 9], [1, 2, 7, 9], [0, 1, 2, 7, 9], [3, 7, 9], [0, 3, 7, 9], [1, 3, 7, 9], [0, 1, 3, 7, 9], [2, 3, 7, 9], [0, 2, 3, 7, 9], [1, 2, 3, 7, 9], [0, 1, 2, 3, 7, 9], [4, 7, 9], [0, 4, 7, 9], [1, 4, 7, 9], [0, 1, 4, 7, 9], [2, 4, 7, 9], [0, 2, 4, 7, 9], [1, 2, 4, 7, 9], [0, 1, 2, 4, 7, 9], [3, 4, 7, 9], [0, 3, 4, 7, 9], [1, 3, 4, 7, 9], [0, 1, 3, 4, 7, 9], [2, 3, 4, 7, 9], [0, 2, 3, 4, 7, 9], [1, 2, 3, 4, 7, 9], [0, 1, 2, 3, 4, 7, 9], [5, 7, 9], [0, 5, 7, 9], [1, 5, 7, 9], [0, 1, 5, 7, 9], [2, 5, 7, 9], [0, 2, 5, 7, 9], [1, 2, 5, 7, 9], [0, 1, 2, 5, 7, 9], [3, 5, 7, 9], [0, 3, 5, 7, 9], [1, 3, 5, 7, 9], [0, 1, 3, 5, 7, 9], [2, 3, 5, 7, 9], [0, 2, 3, 5, 7, 9], [1, 2, 3, 5, 7, 9], [0, 1, 2, 3, 5, 7, 9], [4, 5, 7, 9], [0, 4, 5, 7, 9], [1, 4, 5, 7, 9], [0, 1, 4, 5, 7, 9], [2, 4, 5, 7, 9], [0, 2, 4, 5, 7, 9], [1, 2, 4, 5, 7, 9], [0, 1, 2, 4, 5, 7, 9], [3, 4, 5, 7, 9], [0, 3, 4, 5, 7, 9], [1, 3, 4, 5, 7, 9], [0, 1, 3, 4, 5, 7, 9], [2, 3, 4, 5, 7, 9], [0, 2, 3, 4, 5, 7, 9], [1, 2, 3, 4, 5, 7, 9], [0, 1, 2, 3, 4, 5, 7, 9], [6, 7, 9], [0, 6, 7, 9], [1, 6, 7, 9], [0, 1, 6, 7, 9], [2, 6, 7, 9], [0, 2, 6, 7, 9], [1, 2, 6, 7, 9], [0, 1, 2, 6, 7, 9], [3, 6, 7, 9], [0, 3, 6, 7, 9], [1, 3, 6, 7, 9], [0, 1, 3, 6, 7, 9], [2, 3, 6, 7, 9], [0, 2, 3, 6, 7, 9], [1, 2, 3, 6, 7, 9], [0, 1, 2, 3, 6, 7, 9], [4, 6, 7, 9], [0, 4, 6, 7, 9], [1, 4, 6, 7, 9], [0, 1, 4, 6, 7, 9], [2, 4, 6, 7, 9], [0, 2, 4, 6, 7, 9], [1, 2, 4, 6, 7, 9], [0, 1, 2, 4, 6, 7, 9], [3, 4, 6, 7, 9], [0, 3, 4, 6, 7, 9], [1, 3, 4, 6, 7, 9], [0, 1, 3, 4, 6, 7, 9], [2, 3, 4, 6, 7, 9], [0, 2, 3, 4, 6, 7, 9], [1, 2, 3, 4, 6, 7, 9], [0, 1, 2, 3, 4, 6, 7, 9], [5, 6, 7, 9], [0, 5, 6, 7, 9], [1, 5, 6, 7, 9], [0, 1, 5, 6, 7, 9], [2, 5, 6, 7, 9], [0, 2, 5, 6, 7, 9], [1, 2, 5, 6, 7, 9], [0, 1, 2, 5, 6, 7, 9], [3, 5, 6, 7, 9], [0, 3, 5, 6, 7, 9], [1, 3, 5, 6, 7, 9], [0, 1, 3, 5, 6, 7, 9], [2, 3, 5, 6, 7, 9], [0, 2, 3, 5, 6, 7, 9], [1, 2, 3, 5, 6, 7, 9], [0, 1, 2, 3, 5, 6, 7, 9], [4, 5, 6, 7, 9], [0, 4, 5, 6, 7, 9], [1, 4, 5, 6, 7, 9], [0, 1, 4, 5, 6, 7, 9], [2, 4, 5, 6, 7, 9], [0, 2, 4, 5, 6, 7, 9], [1, 2, 4, 5, 6, 7, 9], [0, 1, 2, 4, 5, 6, 7, 9], [3, 4, 5, 6, 7, 9], [0, 3, 4, 5, 6, 7, 9], [1, 3, 4, 5, 6, 7, 9], [0, 1, 3, 4, 5, 6, 7, 9], [2, 3, 4, 5, 6, 7, 9], [0, 2, 3, 4, 5, 6, 7, 9], [1, 2, 3, 4, 5, 6, 7, 9], [0, 1, 2, 3, 4, 5, 6, 7, 9], [8, 9], [0, 8, 9], [1, 8, 9], [0, 1, 8, 9], [2, 8, 9], [0, 2, 8, 9], [1, 2, 8, 9], [0, 1, 2, 8, 9], [3, 8, 9], [0, 3, 8, 9], [1, 3, 8, 9], [0, 1, 3, 8, 9], [2, 3, 8, 9], [0, 2, 3, 8, 9], [1, 2, 3, 8, 9], [0, 1, 2, 3, 8, 9], [4, 8, 9], [0, 4, 8, 9], [1, 4, 8, 9], [0, 1, 4, 8, 9], [2, 4, 8, 9], [0, 2, 4, 8, 9], [1, 2, 4, 8, 9], [0, 1, 2, 4, 8, 9], [3, 4, 8, 9], [0, 3, 4, 8, 9], [1, 3, 4, 8, 9], [0, 1, 3, 4, 8, 9], [2, 3, 4, 8, 9], [0, 2, 3, 4, 8, 9], [1, 2, 3, 4, 8, 9], [0, 1, 2, 3, 4, 8, 9], [5, 8, 9], [0, 5, 8, 9], [1, 5, 8, 9], [0, 1, 5, 8, 9], [2, 5, 8, 9], [0, 2, 5, 8, 9], [1, 2, 5, 8, 9], [0, 1, 2, 5, 8, 9], [3, 5, 8, 9], [0, 3, 5, 8, 9], [1, 3, 5, 8, 9], [0, 1, 3, 5, 8, 9], [2, 3, 5, 8, 9], [0, 2, 3, 5, 8, 9], [1, 2, 3, 5, 8, 9], [0, 1, 2, 3, 5, 8, 9], [4, 5, 8, 9], [0, 4, 5, 8, 9], [1, 4, 5, 8, 9], [0, 1, 4, 5, 8, 9], [2, 4, 5, 8, 9], [0, 2, 4, 5, 8, 9], [1, 2, 4, 5, 8, 9], [0, 1, 2, 4, 5, 8, 9], [3, 4, 5, 8, 9], [0, 3, 4, 5, 8, 9], [1, 3, 4, 5, 8, 9], [0, 1, 3, 4, 5, 8, 9], [2, 3, 4, 5, 8, 9], [0, 2, 3, 4, 5, 8, 9], [1, 2, 3, 4, 5, 8, 9], [0, 1, 2, 3, 4, 5, 8, 9], [6, 8, 9], [0, 6, 8, 9], [1, 6, 8, 9], [0, 1, 6, 8, 9], [2, 6, 8, 9], [0, 2, 6, 8, 9], [1, 2, 6, 8, 9], [0, 1, 2, 6, 8, 9], [3, 6, 8, 9], [0, 3, 6, 8, 9], [1, 3, 6, 8, 9], [0, 1, 3, 6, 8, 9], [2, 3, 6, 8, 9], [0, 2, 3, 6, 8, 9], [1, 2, 3, 6, 8, 9], [0, 1, 2, 3, 6, 8, 9], [4, 6, 8, 9], [0, 4, 6, 8, 9], [1, 4, 6, 8, 9], [0, 1, 4, 6, 8, 9], [2, 4, 6, 8, 9], [0, 2, 4, 6, 8, 9], [1, 2, 4, 6, 8, 9], [0, 1, 2, 4, 6, 8, 9], [3, 4, 6, 8, 9], [0, 3, 4, 6, 8, 9], [1, 3, 4, 6, 8, 9], [0, 1, 3, 4, 6, 8, 9], [2, 3, 4, 6, 8, 9], [0, 2, 3, 4, 6, 8, 9], [1, 2, 3, 4, 6, 8, 9], [0, 1, 2, 3, 4, 6, 8, 9], [5, 6, 8, 9], [0, 5, 6, 8, 9], [1, 5, 6, 8, 9], [0, 1, 5, 6, 8, 9], [2, 5, 6, 8, 9], [0, 2, 5, 6, 8, 9], [1, 2, 5, 6, 8, 9], [0, 1, 2, 5, 6, 8, 9], [3, 5, 6, 8, 9], [0, 3, 5, 6, 8, 9], [1, 3, 5, 6, 8, 9], [0, 1, 3, 5, 6, 8, 9], [2, 3, 5, 6, 8, 9], [0, 2, 3, 5, 6, 8, 9], [1, 2, 3, 5, 6, 8, 9], [0, 1, 2, 3, 5, 6, 8, 9], [4, 5, 6, 8, 9], [0, 4, 5, 6, 8, 9], [1, 4, 5, 6, 8, 9], [0, 1, 4, 5, 6, 8, 9], [2, 4, 5, 6, 8, 9], [0, 2, 4, 5, 6, 8, 9], [1, 2, 4, 5, 6, 8, 9], [0, 1, 2, 4, 5, 6, 8, 9], [3, 4, 5, 6, 8, 9], [0, 3, 4, 5, 6, 8, 9], [1, 3, 4, 5, 6, 8, 9], [0, 1, 3, 4, 5, 6, 8, 9], [2, 3, 4, 5, 6, 8, 9], [0, 2, 3, 4, 5, 6, 8, 9], [1, 2, 3, 4, 5, 6, 8, 9], [0, 1, 2, 3, 4, 5, 6, 8, 9], [7, 8, 9], [0, 7, 8, 9], [1, 7, 8, 9], [0, 1, 7, 8, 9], [2, 7, 8, 9], [0, 2, 7, 8, 9], [1, 2, 7, 8, 9], [0, 1, 2, 7, 8, 9], [3, 7, 8, 9], [0, 3, 7, 8, 9], [1, 3, 7, 8, 9], [0, 1, 3, 7, 8, 9], [2, 3, 7, 8, 9], [0, 2, 3, 7, 8, 9], [1, 2, 3, 7, 8, 9], [0, 1, 2, 3, 7, 8, 9], [4, 7, 8, 9], [0, 4, 7, 8, 9], [1, 4, 7, 8, 9], [0, 1, 4, 7, 8, 9], [2, 4, 7, 8, 9], [0, 2, 4, 7, 8, 9], [1, 2, 4, 7, 8, 9], [0, 1, 2, 4, 7, 8, 9], [3, 4, 7, 8, 9], [0, 3, 4, 7, 8, 9], [1, 3, 4, 7, 8, 9], [0, 1, 3, 4, 7, 8, 9], [2, 3, 4, 7, 8, 9], [0, 2, 3, 4, 7, 8, 9], [1, 2, 3, 4, 7, 8, 9], [0, 1, 2, 3, 4, 7, 8, 9], [5, 7, 8, 9], [0, 5, 7, 8, 9], [1, 5, 7, 8, 9], [0, 1, 5, 7, 8, 9], [2, 5, 7, 8, 9], [0, 2, 5, 7, 8, 9], [1, 2, 5, 7, 8, 9], [0, 1, 2, 5, 7, 8, 9], [3, 5, 7, 8, 9], [0, 3, 5, 7, 8, 9], [1, 3, 5, 7, 8, 9], [0, 1, 3, 5, 7, 8, 9], [2, 3, 5, 7, 8, 9], [0, 2, 3, 5, 7, 8, 9], [1, 2, 3, 5, 7, 8, 9], [0, 1, 2, 3, 5, 7, 8, 9], [4, 5, 7, 8, 9], [0, 4, 5, 7, 8, 9], [1, 4, 5, 7, 8, 9], [0, 1, 4, 5, 7, 8, 9], [2, 4, 5, 7, 8, 9], [0, 2, 4, 5, 7, 8, 9], [1, 2, 4, 5, 7, 8, 9], [0, 1, 2, 4, 5, 7, 8, 9], [3, 4, 5, 7, 8, 9], [0, 3, 4, 5, 7, 8, 9], [1, 3, 4, 5, 7, 8, 9], [0, 1, 3, 4, 5, 7, 8, 9], [2, 3, 4, 5, 7, 8, 9], [0, 2, 3, 4, 5, 7, 8, 9], [1, 2, 3, 4, 5, 7, 8, 9], [0, 1, 2, 3, 4, 5, 7, 8, 9], [6, 7, 8, 9], [0, 6, 7, 8, 9], [1, 6, 7, 8, 9], [0, 1, 6, 7, 8, 9], [2, 6, 7, 8, 9], [0, 2, 6, 7, 8, 9], [1, 2, 6, 7, 8, 9], [0, 1, 2, 6, 7, 8, 9], [3, 6, 7, 8, 9], [0, 3, 6, 7, 8, 9], [1, 3, 6, 7, 8, 9], [0, 1, 3, 6, 7, 8, 9], [2, 3, 6, 7, 8, 9], [0, 2, 3, 6, 7, 8, 9], [1, 2, 3, 6, 7, 8, 9], [0, 1, 2, 3, 6, 7, 8, 9], [4, 6, 7, 8, 9], [0, 4, 6, 7, 8, 9], [1, 4, 6, 7, 8, 9], [0, 1, 4, 6, 7, 8, 9], [2, 4, 6, 7, 8, 9], [0, 2, 4, 6, 7, 8, 9], [1, 2, 4, 6, 7, 8, 9], [0, 1, 2, 4, 6, 7, 8, 9], [3, 4, 6, 7, 8, 9], [0, 3, 4, 6, 7, 8, 9], [1, 3, 4, 6, 7, 8, 9], [0, 1, 3, 4, 6, 7, 8, 9], [2, 3, 4, 6, 7, 8, 9], [0, 2, 3, 4, 6, 7, 8, 9], [1, 2, 3, 4, 6, 7, 8, 9], [0, 1, 2, 3, 4, 6, 7, 8, 9], [5, 6, 7, 8, 9], [0, 5, 6, 7, 8, 9], [1, 5, 6, 7, 8, 9], [0, 1, 5, 6, 7, 8, 9], [2, 5, 6, 7, 8, 9], [0, 2, 5, 6, 7, 8, 9], [1, 2, 5, 6, 7, 8, 9], [0, 1, 2, 5, 6, 7, 8, 9], [3, 5, 6, 7, 8, 9], [0, 3, 5, 6, 7, 8, 9], [1, 3, 5, 6, 7, 8, 9], [0, 1, 3, 5, 6, 7, 8, 9], [2, 3, 5, 6, 7, 8, 9], [0, 2, 3, 5, 6, 7, 8, 9], [1, 2, 3, 5, 6, 7, 8, 9], [0, 1, 2, 3, 5, 6, 7, 8, 9], [4, 5, 6, 7, 8, 9], [0, 4, 5, 6, 7, 8, 9], [1, 4, 5, 6, 7, 8, 9], [0, 1, 4, 5, 6, 7, 8, 9], [2, 4, 5, 6, 7, 8, 9], [0, 2, 4, 5, 6, 7, 8, 9], [1, 2, 4, 5, 6, 7, 8, 9], [0, 1, 2, 4, 5, 6, 7, 8, 9], [3, 4, 5, 6, 7, 8, 9], [0, 3, 4, 5, 6, 7, 8, 9], [1, 3, 4, 5, 6, 7, 8, 9], [0, 1, 3, 4, 5, 6, 7, 8, 9], [2, 3, 4, 5, 6, 7, 8, 9], [0, 2, 3, 4, 5, 6, 7, 8, 9], [1, 2, 3, 4, 5, 6, 7, 8, 9], [0, 1, 2, 3, 4, 5, 6, 7, 8, 9]]
Vertex cover: [1, 2, 4, 5, 6]
 Execution Time (in milliseconds): 0.0
========== INPUT 2 ==========
No. of Vertices: 10
No.of edges: 15
Original vertices: [0, 1, 2, 3, 4, 5, 6, 7, 8, 9]
Shuffled vertices:[2, 1, 8, 0, 7, 5, 4, 6, 9, 3]
Edges: [(1, 2), (8, 1), (0, 2), (7, 1), (5, 7), (4, 1), (6, 0), (9, 0), (3, 7), (4, 0), (4, 3), (7, 8), (5, 0), (7, 9), (0, 8)]
Power set: [[], [0], [1], [0, 1], [2], [0, 2], [1, 2], [0, 1, 2], [3], [0, 3], [1, 3], [0, 1, 3], [2, 3], [0, 2, 3], [1, 2, 3], [0, 1, 2, 3], [4], [0, 4], [1, 4], [0, 1, 4], [2, 4], [0, 2, 4], [1, 2, 4], [0, 1, 2, 4], [3, 4], [0, 3, 4], [1, 3, 4], [0, 1, 3, 4], [2, 3, 4], [0, 2, 3, 4], [1, 2, 3, 4], [0, 1, 2, 3, 4], [5], [0, 5], [1, 5], [0, 1, 5], [2, 5], [0, 2, 5], [1, 2, 5], [0, 1, 2, 5], [3, 5], [0, 3, 5], [1, 3, 5], [0, 1, 3, 5], [2, 3, 5], [0, 2, 3, 5], [1, 2, 3, 5], [0, 1, 2, 3, 5], [4, 5], [0, 4, 5], [1, 4, 5], [0, 1, 4, 5], [2, 4, 5], [0, 2, 4, 5], [1, 2, 4, 5], [0, 1, 2, 4, 5], [3, 4, 5], [0, 3, 4, 5], [1, 3, 4, 5], [0, 1, 3, 4, 5], [2, 3, 4, 5], [0, 2, 3, 4, 5], [1, 2, 3, 4, 5], [0, 1, 2, 3, 4, 5], [6], [0, 6], [1, 6], [0, 1, 6], [2, 6], [0, 2, 6], [1, 2, 6], [0, 1, 2, 6], [3, 6], [0, 3, 6], [1, 3, 6], [0, 1, 3, 6], [2, 3, 6], [0, 2, 3, 6], [1, 2, 3, 6], [0, 1, 2, 3, 6], [4, 6], [0, 4, 6], [1, 4, 6], [0, 1, 4, 6], [2, 4, 6], [0, 2, 4, 6], [1, 2, 4, 6], [0, 1, 2, 4, 6], [3, 4, 6], [0, 3, 4, 6], [1, 3, 4, 6], [0, 1, 3, 4, 6], [2, 3, 4, 6], [0, 2, 3, 4, 6], [1, 2, 3, 4, 6], [0, 1, 2, 3, 4, 6], [5, 6], [0, 5, 6], [1, 5, 6], [0, 1, 5, 6], [2, 5, 6], [0, 2, 5, 6], [1, 2, 5, 6], [0, 1, 2, 5, 6], [3, 5, 6], [0, 3, 5, 6], [1, 3, 5, 6], [0, 1, 3, 5, 6], [2, 3, 5, 6], [0, 2, 3, 5, 6], [1, 2, 3, 5, 6], [0, 1, 2, 3, 5, 6], [4, 5, 6], [0, 4, 5, 6], [1, 4, 5, 6], [0, 1, 4, 5, 6], [2, 4, 5, 6], [0, 2, 4, 5, 6], [1, 2, 4, 5, 6], [0, 1, 2, 4, 5, 6], [3, 4, 5, 6], [0, 3, 4, 5, 6], [1, 3, 4, 5, 6], [0, 1, 3, 4, 5, 6], [2, 3, 4, 5, 6], [0, 2, 3, 4, 5, 6], [1, 2, 3, 4, 5, 6], [0, 1, 2, 3, 4, 5, 6], [7], [0, 7], [1, 7], [0, 1, 7], [2, 7], [0, 2, 7], [1, 2, 7], [0, 1, 2, 7], [3, 7], [0, 3, 7], [1, 3, 7], [0, 1, 3, 7], [2, 3, 7], [0, 2, 3, 7], [1, 2, 3, 7], [0, 1, 2, 3, 7], [4, 7], [0, 4, 7], [1, 4, 7], [0, 1, 4, 7], [2, 4, 7], [0, 2, 4, 7], [1, 2, 4, 7], [0, 1, 2, 4, 7], [3, 4, 7], [0, 3, 4, 7], [1, 3, 4, 7], [0, 1, 3, 4, 7], [2, 3, 4, 7], [0, 2, 3, 4, 7], [1, 2, 3, 4, 7], [0, 1, 2, 3, 4, 7], [5, 7], [0, 5, 7], [1, 5, 7], [0, 1, 5, 7], [2, 5, 7], [0, 2, 5, 7], [1, 2, 5, 7], [0, 1, 2, 5, 7], [3, 5, 7], [0, 3, 5, 7], [1, 3, 5, 7], [0, 1, 3, 5, 7], [2, 3, 5, 7], [0, 2, 3, 5, 7], [1, 2, 3, 5, 7], [0, 1, 2, 3, 5, 7], [4, 5, 7], [0, 4, 5, 7], [1, 4, 5, 7], [0, 1, 4, 5, 7], [2, 4, 5, 7], [0, 2, 4, 5, 7], [1, 2, 4, 5, 7], [0, 1, 2, 4, 5, 7], [3, 4, 5, 7], [0, 3, 4, 5, 7], [1, 3, 4, 5, 7], [0, 1, 3, 4, 5, 7], [2, 3, 4, 5, 7], [0, 2, 3, 4, 5, 7], [1, 2, 3, 4, 5, 7], [0, 1, 2, 3, 4, 5, 7], [6, 7], [0, 6, 7], [1, 6, 7], [0, 1, 6, 7], [2, 6, 7], [0, 2, 6, 7], [1, 2, 6, 7], [0, 1, 2, 6, 7], [3, 6, 7], [0, 3, 6, 7], [1, 3, 6, 7], [0, 1, 3, 6, 7], [2, 3, 6, 7], [0, 2, 3, 6, 7], [1, 2, 3, 6, 7], [0, 1, 2, 3, 6, 7], [4, 6, 7], [0, 4, 6, 7], [1, 4, 6, 7], [0, 1, 4, 6, 7], [2, 4, 6, 7], [0, 2, 4, 6, 7], [1, 2, 4, 6, 7], [0, 1, 2, 4, 6, 7], [3, 4, 6, 7], [0, 3, 4, 6, 7], [1, 3, 4, 6, 7], [0, 1, 3, 4, 6, 7], [2, 3, 4, 6, 7], [0, 2, 3, 4, 6, 7], [1, 2, 3, 4, 6, 7], [0, 1, 2, 3, 4, 6, 7], [5, 6, 7], [0, 5, 6, 7], [1, 5, 6, 7], [0, 1, 5, 6, 7], [2, 5, 6, 7], [0, 2, 5, 6, 7], [1, 2, 5, 6, 7], [0, 1, 2, 5, 6, 7], [3, 5, 6, 7], [0, 3, 5, 6, 7], [1, 3, 5, 6, 7], [0, 1, 3, 5, 6, 7], [2, 3, 5, 6, 7], [0, 2, 3, 5, 6, 7], [1, 2, 3, 5, 6, 7], [0, 1, 2, 3, 5, 6, 7], [4, 5, 6, 7], [0, 4, 5, 6, 7], [1, 4, 5, 6, 7], [0, 1, 4, 5, 6, 7], [2, 4, 5, 6, 7], [0, 2, 4, 5, 6, 7], [1, 2, 4, 5, 6, 7], [0, 1, 2, 4, 5, 6, 7], [3, 4, 5, 6, 7], [0, 3, 4, 5, 6, 7], [1, 3, 4, 5, 6, 7], [0, 1, 3, 4, 5, 6, 7], [2, 3, 4, 5, 6, 7], [0, 2, 3, 4, 5, 6, 7], [1, 2, 3, 4, 5, 6, 7], [0, 1, 2, 3, 4, 5, 6, 7], [8], [0, 8], [1, 8], [0, 1, 8], [2, 8], [0, 2, 8], [1, 2, 8], [0, 1, 2, 8], [3, 8], [0, 3, 8], [1, 3, 8], [0, 1, 3, 8], [2, 3, 8], [0, 2, 3, 8], [1, 2, 3, 8], [0, 1, 2, 3, 8], [4, 8], [0, 4, 8], [1, 4, 8], [0, 1, 4, 8], [2, 4, 8], [0, 2, 4, 8], [1, 2, 4, 8], [0, 1, 2, 4, 8], [3, 4, 8], [0, 3, 4, 8], [1, 3, 4, 8], [0, 1, 3, 4, 8], [2, 3, 4, 8], [0, 2, 3, 4, 8], [1, 2, 3, 4, 8], [0, 1, 2, 3, 4, 8], [5, 8], [0, 5, 8], [1, 5, 8], [0, 1, 5, 8], [2, 5, 8], [0, 2, 5, 8], [1, 2, 5, 8], [0, 1, 2, 5, 8], [3, 5, 8], [0, 3, 5, 8], [1, 3, 5, 8], [0, 1, 3, 5, 8], [2, 3, 5, 8], [0, 2, 3, 5, 8], [1, 2, 3, 5, 8], [0, 1, 2, 3, 5, 8], [4, 5, 8], [0, 4, 5, 8], [1, 4, 5, 8], [0, 1, 4, 5, 8], [2, 4, 5, 8], [0, 2, 4, 5, 8], [1, 2, 4, 5, 8], [0, 1, 2, 4, 5, 8], [3, 4, 5, 8], [0, 3, 4, 5, 8], [1, 3, 4, 5, 8], [0, 1, 3, 4, 5, 8], [2, 3, 4, 5, 8], [0, 2, 3, 4, 5, 8], [1, 2, 3, 4, 5, 8], [0, 1, 2, 3, 4, 5, 8], [6, 8], [0, 6, 8], [1, 6, 8], [0, 1, 6, 8], [2, 6, 8], [0, 2, 6, 8], [1, 2, 6, 8], [0, 1, 2, 6, 8], [3, 6, 8], [0, 3, 6, 8], [1, 3, 6, 8], [0, 1, 3, 6, 8], [2, 3, 6, 8], [0, 2, 3, 6, 8], [1, 2, 3, 6, 8], [0, 1, 2, 3, 6, 8], [4, 6, 8], [0, 4, 6, 8], [1, 4, 6, 8], [0, 1, 4, 6, 8], [2, 4, 6, 8], [0, 2, 4, 6, 8], [1, 2, 4, 6, 8], [0, 1, 2, 4, 6, 8], [3, 4, 6, 8], [0, 3, 4, 6, 8], [1, 3, 4, 6, 8], [0, 1, 3, 4, 6, 8], [2, 3, 4, 6, 8], [0, 2, 3, 4, 6, 8], [1, 2, 3, 4, 6, 8], [0, 1, 2, 3, 4, 6, 8], [5, 6, 8], [0, 5, 6, 8], [1, 5, 6, 8], [0, 1, 5, 6, 8], [2, 5, 6, 8], [0, 2, 5, 6, 8], [1, 2, 5, 6, 8], [0, 1, 2, 5, 6, 8], [3, 5, 6, 8], [0, 3, 5, 6, 8], [1, 3, 5, 6, 8], [0, 1, 3, 5, 6, 8], [2, 3, 5, 6, 8], [0, 2, 3, 5, 6, 8], [1, 2, 3, 5, 6, 8], [0, 1, 2, 3, 5, 6, 8], [4, 5, 6, 8], [0, 4, 5, 6, 8], [1, 4, 5, 6, 8], [0, 1, 4, 5, 6, 8], [2, 4, 5, 6, 8], [0, 2, 4, 5, 6, 8], [1, 2, 4, 5, 6, 8], [0, 1, 2, 4, 5, 6, 8], [3, 4, 5, 6, 8], [0, 3, 4, 5, 6, 8], [1, 3, 4, 5, 6, 8], [0, 1, 3, 4, 5, 6, 8], [2, 3, 4, 5, 6, 8], [0, 2, 3, 4, 5, 6, 8], [1, 2, 3, 4, 5, 6, 8], [0, 1, 2, 3, 4, 5, 6, 8], [7, 8], [0, 7, 8], [1, 7, 8], [0, 1, 7, 8], [2, 7, 8], [0, 2, 7, 8], [1, 2, 7, 8], [0, 1, 2, 7, 8], [3, 7, 8], [0, 3, 7, 8], [1, 3, 7, 8], [0, 1, 3, 7, 8], [2, 3, 7, 8], [0, 2, 3, 7, 8], [1, 2, 3, 7, 8], [0, 1, 2, 3, 7, 8], [4, 7, 8], [0, 4, 7, 8], [1, 4, 7, 8], [0, 1, 4, 7, 8], [2, 4, 7, 8], [0, 2, 4, 7, 8], [1, 2, 4, 7, 8], [0, 1, 2, 4, 7, 8], [3, 4, 7, 8], [0, 3, 4, 7, 8], [1, 3, 4, 7, 8], [0, 1, 3, 4, 7, 8], [2, 3, 4, 7, 8], [0, 2, 3, 4, 7, 8], [1, 2, 3, 4, 7, 8], [0, 1, 2, 3, 4, 7, 8], [5, 7, 8], [0, 5, 7, 8], [1, 5, 7, 8], [0, 1, 5, 7, 8], [2, 5, 7, 8], [0, 2, 5, 7, 8], [1, 2, 5, 7, 8], [0, 1, 2, 5, 7, 8], [3, 5, 7, 8], [0, 3, 5, 7, 8], [1, 3, 5, 7, 8], [0, 1, 3, 5, 7, 8], [2, 3, 5, 7, 8], [0, 2, 3, 5, 7, 8], [1, 2, 3, 5, 7, 8], [0, 1, 2, 3, 5, 7, 8], [4, 5, 7, 8], [0, 4, 5, 7, 8], [1, 4, 5, 7, 8], [0, 1, 4, 5, 7, 8], [2, 4, 5, 7, 8], [0, 2, 4, 5, 7, 8], [1, 2, 4, 5, 7, 8], [0, 1, 2, 4, 5, 7, 8], [3, 4, 5, 7, 8], [0, 3, 4, 5, 7, 8], [1, 3, 4, 5, 7, 8], [0, 1, 3, 4, 5, 7, 8], [2, 3, 4, 5, 7, 8], [0, 2, 3, 4, 5, 7, 8], [1, 2, 3, 4, 5, 7, 8], [0, 1, 2, 3, 4, 5, 7, 8], [6, 7, 8], [0, 6, 7, 8], [1, 6, 7, 8], [0, 1, 6, 7, 8], [2, 6, 7, 8], [0, 2, 6, 7, 8], [1, 2, 6, 7, 8], [0, 1, 2, 6, 7, 8], [3, 6, 7, 8], [0, 3, 6, 7, 8], [1, 3, 6, 7, 8], [0, 1, 3, 6, 7, 8], [2, 3, 6, 7, 8], [0, 2, 3, 6, 7, 8], [1, 2, 3, 6, 7, 8], [0, 1, 2, 3, 6, 7, 8], [4, 6, 7, 8], [0, 4, 6, 7, 8], [1, 4, 6, 7, 8], [0, 1, 4, 6, 7, 8], [2, 4, 6, 7, 8], [0, 2, 4, 6, 7, 8], [1, 2, 4, 6, 7, 8], [0, 1, 2, 4, 6, 7, 8], [3, 4, 6, 7, 8], [0, 3, 4, 6, 7, 8], [1, 3, 4, 6, 7, 8], [0, 1, 3, 4, 6, 7, 8], [2, 3, 4, 6, 7, 8], [0, 2, 3, 4, 6, 7, 8], [1, 2, 3, 4, 6, 7, 8], [0, 1, 2, 3, 4, 6, 7, 8], [5, 6, 7, 8], [0, 5, 6, 7, 8], [1, 5, 6, 7, 8], [0, 1, 5, 6, 7, 8], [2, 5, 6, 7, 8], [0, 2, 5, 6, 7, 8], [1, 2, 5, 6, 7, 8], [0, 1, 2, 5, 6, 7, 8], [3, 5, 6, 7, 8], [0, 3, 5, 6, 7, 8], [1, 3, 5, 6, 7, 8], [0, 1, 3, 5, 6, 7, 8], [2, 3, 5, 6, 7, 8], [0, 2, 3, 5, 6, 7, 8], [1, 2, 3, 5, 6, 7, 8], [0, 1, 2, 3, 5, 6, 7, 8], [4, 5, 6, 7, 8], [0, 4, 5, 6, 7, 8], [1, 4, 5, 6, 7, 8], [0, 1, 4, 5, 6, 7, 8], [2, 4, 5, 6, 7, 8], [0, 2, 4, 5, 6, 7, 8], [1, 2, 4, 5, 6, 7, 8], [0, 1, 2, 4, 5, 6, 7, 8], [3, 4, 5, 6, 7, 8], [0, 3, 4, 5, 6, 7, 8], [1, 3, 4, 5, 6, 7, 8], [0, 1, 3, 4, 5, 6, 7, 8], [2, 3, 4, 5, 6, 7, 8], [0, 2, 3, 4, 5, 6, 7, 8], [1, 2, 3, 4, 5, 6, 7, 8], [0, 1, 2, 3, 4, 5, 6, 7, 8], [9], [0, 9], [1, 9], [0, 1, 9], [2, 9], [0, 2, 9], [1, 2, 9], [0, 1, 2, 9], [3, 9], [0, 3, 9], [1, 3, 9], [0, 1, 3, 9], [2, 3, 9], [0, 2, 3, 9], [1, 2, 3, 9], [0, 1, 2, 3, 9], [4, 9], [0, 4, 9], [1, 4, 9], [0, 1, 4, 9], [2, 4, 9], [0, 2, 4, 9], [1, 2, 4, 9], [0, 1, 2, 4, 9], [3, 4, 9], [0, 3, 4, 9], [1, 3, 4, 9], [0, 1, 3, 4, 9], [2, 3, 4, 9], [0, 2, 3, 4, 9], [1, 2, 3, 4, 9], [0, 1, 2, 3, 4, 9], [5, 9], [0, 5, 9], [1, 5, 9], [0, 1, 5, 9], [2, 5, 9], [0, 2, 5, 9], [1, 2, 5, 9], [0, 1, 2, 5, 9], [3, 5, 9], [0, 3, 5, 9], [1, 3, 5, 9], [0, 1, 3, 5, 9], [2, 3, 5, 9], [0, 2, 3, 5, 9], [1, 2, 3, 5, 9], [0, 1, 2, 3, 5, 9], [4, 5, 9], [0, 4, 5, 9], [1, 4, 5, 9], [0, 1, 4, 5, 9], [2, 4, 5, 9], [0, 2, 4, 5, 9], [1, 2, 4, 5, 9], [0, 1, 2, 4, 5, 9], [3, 4, 5, 9], [0, 3, 4, 5, 9], [1, 3, 4, 5, 9], [0, 1, 3, 4, 5, 9], [2, 3, 4, 5, 9], [0, 2, 3, 4, 5, 9], [1, 2, 3, 4, 5, 9], [0, 1, 2, 3, 4, 5, 9], [6, 9], [0, 6, 9], [1, 6, 9], [0, 1, 6, 9], [2, 6, 9], [0, 2, 6, 9], [1, 2, 6, 9], [0, 1, 2, 6, 9], [3, 6, 9], [0, 3, 6, 9], [1, 3, 6, 9], [0, 1, 3, 6, 9], [2, 3, 6, 9], [0, 2, 3, 6, 9], [1, 2, 3, 6, 9], [0, 1, 2, 3, 6, 9], [4, 6, 9], [0, 4, 6, 9], [1, 4, 6, 9], [0, 1, 4, 6, 9], [2, 4, 6, 9], [0, 2, 4, 6, 9], [1, 2, 4, 6, 9], [0, 1, 2, 4, 6, 9], [3, 4, 6, 9], [0, 3, 4, 6, 9], [1, 3, 4, 6, 9], [0, 1, 3, 4, 6, 9], [2, 3, 4, 6, 9], [0, 2, 3, 4, 6, 9], [1, 2, 3, 4, 6, 9], [0, 1, 2, 3, 4, 6, 9], [5, 6, 9], [0, 5, 6, 9], [1, 5, 6, 9], [0, 1, 5, 6, 9], [2, 5, 6, 9], [0, 2, 5, 6, 9], [1, 2, 5, 6, 9], [0, 1, 2, 5, 6, 9], [3, 5, 6, 9], [0, 3, 5, 6, 9], [1, 3, 5, 6, 9], [0, 1, 3, 5, 6, 9], [2, 3, 5, 6, 9], [0, 2, 3, 5, 6, 9], [1, 2, 3, 5, 6, 9], [0, 1, 2, 3, 5, 6, 9], [4, 5, 6, 9], [0, 4, 5, 6, 9], [1, 4, 5, 6, 9], [0, 1, 4, 5, 6, 9], [2, 4, 5, 6, 9], [0, 2, 4, 5, 6, 9], [1, 2, 4, 5, 6, 9], [0, 1, 2, 4, 5, 6, 9], [3, 4, 5, 6, 9], [0, 3, 4, 5, 6, 9], [1, 3, 4, 5, 6, 9], [0, 1, 3, 4, 5, 6, 9], [2, 3, 4, 5, 6, 9], [0, 2, 3, 4, 5, 6, 9], [1, 2, 3, 4, 5, 6, 9], [0, 1, 2, 3, 4, 5, 6, 9], [7, 9], [0, 7, 9], [1, 7, 9], [0, 1, 7, 9], [2, 7, 9], [0, 2, 7, 9], [1, 2, 7, 9], [0, 1, 2, 7, 9], [3, 7, 9], [0, 3, 7, 9], [1, 3, 7, 9], [0, 1, 3, 7, 9], [2, 3, 7, 9], [0, 2, 3, 7, 9], [1, 2, 3, 7, 9], [0, 1, 2, 3, 7, 9], [4, 7, 9], [0, 4, 7, 9], [1, 4, 7, 9], [0, 1, 4, 7, 9], [2, 4, 7, 9], [0, 2, 4, 7, 9], [1, 2, 4, 7, 9], [0, 1, 2, 4, 7, 9], [3, 4, 7, 9], [0, 3, 4, 7, 9], [1, 3, 4, 7, 9], [0, 1, 3, 4, 7, 9], [2, 3, 4, 7, 9], [0, 2, 3, 4, 7, 9], [1, 2, 3, 4, 7, 9], [0, 1, 2, 3, 4, 7, 9], [5, 7, 9], [0, 5, 7, 9], [1, 5, 7, 9], [0, 1, 5, 7, 9], [2, 5, 7, 9], [0, 2, 5, 7, 9], [1, 2, 5, 7, 9], [0, 1, 2, 5, 7, 9], [3, 5, 7, 9], [0, 3, 5, 7, 9], [1, 3, 5, 7, 9], [0, 1, 3, 5, 7, 9], [2, 3, 5, 7, 9], [0, 2, 3, 5, 7, 9], [1, 2, 3, 5, 7, 9], [0, 1, 2, 3, 5, 7, 9], [4, 5, 7, 9], [0, 4, 5, 7, 9], [1, 4, 5, 7, 9], [0, 1, 4, 5, 7, 9], [2, 4, 5, 7, 9], [0, 2, 4, 5, 7, 9], [1, 2, 4, 5, 7, 9], [0, 1, 2, 4, 5, 7, 9], [3, 4, 5, 7, 9], [0, 3, 4, 5, 7, 9], [1, 3, 4, 5, 7, 9], [0, 1, 3, 4, 5, 7, 9], [2, 3, 4, 5, 7, 9], [0, 2, 3, 4, 5, 7, 9], [1, 2, 3, 4, 5, 7, 9], [0, 1, 2, 3, 4, 5, 7, 9], [6, 7, 9], [0, 6, 7, 9], [1, 6, 7, 9], [0, 1, 6, 7, 9], [2, 6, 7, 9], [0, 2, 6, 7, 9], [1, 2, 6, 7, 9], [0, 1, 2, 6, 7, 9], [3, 6, 7, 9], [0, 3, 6, 7, 9], [1, 3, 6, 7, 9], [0, 1, 3, 6, 7, 9], [2, 3, 6, 7, 9], [0, 2, 3, 6, 7, 9], [1, 2, 3, 6, 7, 9], [0, 1, 2, 3, 6, 7, 9], [4, 6, 7, 9], [0, 4, 6, 7, 9], [1, 4, 6, 7, 9], [0, 1, 4, 6, 7, 9], [2, 4, 6, 7, 9], [0, 2, 4, 6, 7, 9], [1, 2, 4, 6, 7, 9], [0, 1, 2, 4, 6, 7, 9], [3, 4, 6, 7, 9], [0, 3, 4, 6, 7, 9], [1, 3, 4, 6, 7, 9], [0, 1, 3, 4, 6, 7, 9], [2, 3, 4, 6, 7, 9], [0, 2, 3, 4, 6, 7, 9], [1, 2, 3, 4, 6, 7, 9], [0, 1, 2, 3, 4, 6, 7, 9], [5, 6, 7, 9], [0, 5, 6, 7, 9], [1, 5, 6, 7, 9], [0, 1, 5, 6, 7, 9], [2, 5, 6, 7, 9], [0, 2, 5, 6, 7, 9], [1, 2, 5, 6, 7, 9], [0, 1, 2, 5, 6, 7, 9], [3, 5, 6, 7, 9], [0, 3, 5, 6, 7, 9], [1, 3, 5, 6, 7, 9], [0, 1, 3, 5, 6, 7, 9], [2, 3, 5, 6, 7, 9], [0, 2, 3, 5, 6, 7, 9], [1, 2, 3, 5, 6, 7, 9], [0, 1, 2, 3, 5, 6, 7, 9], [4, 5, 6, 7, 9], [0, 4, 5, 6, 7, 9], [1, 4, 5, 6, 7, 9], [0, 1, 4, 5, 6, 7, 9], [2, 4, 5, 6, 7, 9], [0, 2, 4, 5, 6, 7, 9], [1, 2, 4, 5, 6, 7, 9], [0, 1, 2, 4, 5, 6, 7, 9], [3, 4, 5, 6, 7, 9], [0, 3, 4, 5, 6, 7, 9], [1, 3, 4, 5, 6, 7, 9], [0, 1, 3, 4, 5, 6, 7, 9], [2, 3, 4, 5, 6, 7, 9], [0, 2, 3, 4, 5, 6, 7, 9], [1, 2, 3, 4, 5, 6, 7, 9], [0, 1, 2, 3, 4, 5, 6, 7, 9], [8, 9], [0, 8, 9], [1, 8, 9], [0, 1, 8, 9], [2, 8, 9], [0, 2, 8, 9], [1, 2, 8, 9], [0, 1, 2, 8, 9], [3, 8, 9], [0, 3, 8, 9], [1, 3, 8, 9], [0, 1, 3, 8, 9], [2, 3, 8, 9], [0, 2, 3, 8, 9], [1, 2, 3, 8, 9], [0, 1, 2, 3, 8, 9], [4, 8, 9], [0, 4, 8, 9], [1, 4, 8, 9], [0, 1, 4, 8, 9], [2, 4, 8, 9], [0, 2, 4, 8, 9], [1, 2, 4, 8, 9], [0, 1, 2, 4, 8, 9], [3, 4, 8, 9], [0, 3, 4, 8, 9], [1, 3, 4, 8, 9], [0, 1, 3, 4, 8, 9], [2, 3, 4, 8, 9], [0, 2, 3, 4, 8, 9], [1, 2, 3, 4, 8, 9], [0, 1, 2, 3, 4, 8, 9], [5, 8, 9], [0, 5, 8, 9], [1, 5, 8, 9], [0, 1, 5, 8, 9], [2, 5, 8, 9], [0, 2, 5, 8, 9], [1, 2, 5, 8, 9], [0, 1, 2, 5, 8, 9], [3, 5, 8, 9], [0, 3, 5, 8, 9], [1, 3, 5, 8, 9], [0, 1, 3, 5, 8, 9], [2, 3, 5, 8, 9], [0, 2, 3, 5, 8, 9], [1, 2, 3, 5, 8, 9], [0, 1, 2, 3, 5, 8, 9], [4, 5, 8, 9], [0, 4, 5, 8, 9], [1, 4, 5, 8, 9], [0, 1, 4, 5, 8, 9], [2, 4, 5, 8, 9], [0, 2, 4, 5, 8, 9], [1, 2, 4, 5, 8, 9], [0, 1, 2, 4, 5, 8, 9], [3, 4, 5, 8, 9], [0, 3, 4, 5, 8, 9], [1, 3, 4, 5, 8, 9], [0, 1, 3, 4, 5, 8, 9], [2, 3, 4, 5, 8, 9], [0, 2, 3, 4, 5, 8, 9], [1, 2, 3, 4, 5, 8, 9], [0, 1, 2, 3, 4, 5, 8, 9], [6, 8, 9], [0, 6, 8, 9], [1, 6, 8, 9], [0, 1, 6, 8, 9], [2, 6, 8, 9], [0, 2, 6, 8, 9], [1, 2, 6, 8, 9], [0, 1, 2, 6, 8, 9], [3, 6, 8, 9], [0, 3, 6, 8, 9], [1, 3, 6, 8, 9], [0, 1, 3, 6, 8, 9], [2, 3, 6, 8, 9], [0, 2, 3, 6, 8, 9], [1, 2, 3, 6, 8, 9], [0, 1, 2, 3, 6, 8, 9], [4, 6, 8, 9], [0, 4, 6, 8, 9], [1, 4, 6, 8, 9], [0, 1, 4, 6, 8, 9], [2, 4, 6, 8, 9], [0, 2, 4, 6, 8, 9], [1, 2, 4, 6, 8, 9], [0, 1, 2, 4, 6, 8, 9], [3, 4, 6, 8, 9], [0, 3, 4, 6, 8, 9], [1, 3, 4, 6, 8, 9], [0, 1, 3, 4, 6, 8, 9], [2, 3, 4, 6, 8, 9], [0, 2, 3, 4, 6, 8, 9], [1, 2, 3, 4, 6, 8, 9], [0, 1, 2, 3, 4, 6, 8, 9], [5, 6, 8, 9], [0, 5, 6, 8, 9], [1, 5, 6, 8, 9], [0, 1, 5, 6, 8, 9], [2, 5, 6, 8, 9], [0, 2, 5, 6, 8, 9], [1, 2, 5, 6, 8, 9], [0, 1, 2, 5, 6, 8, 9], [3, 5, 6, 8, 9], [0, 3, 5, 6, 8, 9], [1, 3, 5, 6, 8, 9], [0, 1, 3, 5, 6, 8, 9], [2, 3, 5, 6, 8, 9], [0, 2, 3, 5, 6, 8, 9], [1, 2, 3, 5, 6, 8, 9], [0, 1, 2, 3, 5, 6, 8, 9], [4, 5, 6, 8, 9], [0, 4, 5, 6, 8, 9], [1, 4, 5, 6, 8, 9], [0, 1, 4, 5, 6, 8, 9], [2, 4, 5, 6, 8, 9], [0, 2, 4, 5, 6, 8, 9], [1, 2, 4, 5, 6, 8, 9], [0, 1, 2, 4, 5, 6, 8, 9], [3, 4, 5, 6, 8, 9], [0, 3, 4, 5, 6, 8, 9], [1, 3, 4, 5, 6, 8, 9], [0, 1, 3, 4, 5, 6, 8, 9], [2, 3, 4, 5, 6, 8, 9], [0, 2, 3, 4, 5, 6, 8, 9], [1, 2, 3, 4, 5, 6, 8, 9], [0, 1, 2, 3, 4, 5, 6, 8, 9], [7, 8, 9], [0, 7, 8, 9], [1, 7, 8, 9], [0, 1, 7, 8, 9], [2, 7, 8, 9], [0, 2, 7, 8, 9], [1, 2, 7, 8, 9], [0, 1, 2, 7, 8, 9], [3, 7, 8, 9], [0, 3, 7, 8, 9], [1, 3, 7, 8, 9], [0, 1, 3, 7, 8, 9], [2, 3, 7, 8, 9], [0, 2, 3, 7, 8, 9], [1, 2, 3, 7, 8, 9], [0, 1, 2, 3, 7, 8, 9], [4, 7, 8, 9], [0, 4, 7, 8, 9], [1, 4, 7, 8, 9], [0, 1, 4, 7, 8, 9], [2, 4, 7, 8, 9], [0, 2, 4, 7, 8, 9], [1, 2, 4, 7, 8, 9], [0, 1, 2, 4, 7, 8, 9], [3, 4, 7, 8, 9], [0, 3, 4, 7, 8, 9], [1, 3, 4, 7, 8, 9], [0, 1, 3, 4, 7, 8, 9], [2, 3, 4, 7, 8, 9], [0, 2, 3, 4, 7, 8, 9], [1, 2, 3, 4, 7, 8, 9], [0, 1, 2, 3, 4, 7, 8, 9], [5, 7, 8, 9], [0, 5, 7, 8, 9], [1, 5, 7, 8, 9], [0, 1, 5, 7, 8, 9], [2, 5, 7, 8, 9], [0, 2, 5, 7, 8, 9], [1, 2, 5, 7, 8, 9], [0, 1, 2, 5, 7, 8, 9], [3, 5, 7, 8, 9], [0, 3, 5, 7, 8, 9], [1, 3, 5, 7, 8, 9], [0, 1, 3, 5, 7, 8, 9], [2, 3, 5, 7, 8, 9], [0, 2, 3, 5, 7, 8, 9], [1, 2, 3, 5, 7, 8, 9], [0, 1, 2, 3, 5, 7, 8, 9], [4, 5, 7, 8, 9], [0, 4, 5, 7, 8, 9], [1, 4, 5, 7, 8, 9], [0, 1, 4, 5, 7, 8, 9], [2, 4, 5, 7, 8, 9], [0, 2, 4, 5, 7, 8, 9], [1, 2, 4, 5, 7, 8, 9], [0, 1, 2, 4, 5, 7, 8, 9], [3, 4, 5, 7, 8, 9], [0, 3, 4, 5, 7, 8, 9], [1, 3, 4, 5, 7, 8, 9], [0, 1, 3, 4, 5, 7, 8, 9], [2, 3, 4, 5, 7, 8, 9], [0, 2, 3, 4, 5, 7, 8, 9], [1, 2, 3, 4, 5, 7, 8, 9], [0, 1, 2, 3, 4, 5, 7, 8, 9], [6, 7, 8, 9], [0, 6, 7, 8, 9], [1, 6, 7, 8, 9], [0, 1, 6, 7, 8, 9], [2, 6, 7, 8, 9], [0, 2, 6, 7, 8, 9], [1, 2, 6, 7, 8, 9], [0, 1, 2, 6, 7, 8, 9], [3, 6, 7, 8, 9], [0, 3, 6, 7, 8, 9], [1, 3, 6, 7, 8, 9], [0, 1, 3, 6, 7, 8, 9], [2, 3, 6, 7, 8, 9], [0, 2, 3, 6, 7, 8, 9], [1, 2, 3, 6, 7, 8, 9], [0, 1, 2, 3, 6, 7, 8, 9], [4, 6, 7, 8, 9], [0, 4, 6, 7, 8, 9], [1, 4, 6, 7, 8, 9], [0, 1, 4, 6, 7, 8, 9], [2, 4, 6, 7, 8, 9], [0, 2, 4, 6, 7, 8, 9], [1, 2, 4, 6, 7, 8, 9], [0, 1, 2, 4, 6, 7, 8, 9], [3, 4, 6, 7, 8, 9], [0, 3, 4, 6, 7, 8, 9], [1, 3, 4, 6, 7, 8, 9], [0, 1, 3, 4, 6, 7, 8, 9], [2, 3, 4, 6, 7, 8, 9], [0, 2, 3, 4, 6, 7, 8, 9], [1, 2, 3, 4, 6, 7, 8, 9], [0, 1, 2, 3, 4, 6, 7, 8, 9], [5, 6, 7, 8, 9], [0, 5, 6, 7, 8, 9], [1, 5, 6, 7, 8, 9], [0, 1, 5, 6, 7, 8, 9], [2, 5, 6, 7, 8, 9], [0, 2, 5, 6, 7, 8, 9], [1, 2, 5, 6, 7, 8, 9], [0, 1, 2, 5, 6, 7, 8, 9], [3, 5, 6, 7, 8, 9], [0, 3, 5, 6, 7, 8, 9], [1, 3, 5, 6, 7, 8, 9], [0, 1, 3, 5, 6, 7, 8, 9], [2, 3, 5, 6, 7, 8, 9], [0, 2, 3, 5, 6, 7, 8, 9], [1, 2, 3, 5, 6, 7, 8, 9], [0, 1, 2, 3, 5, 6, 7, 8, 9], [4, 5, 6, 7, 8, 9], [0, 4, 5, 6, 7, 8, 9], [1, 4, 5, 6, 7, 8, 9], [0, 1, 4, 5, 6, 7, 8, 9], [2, 4, 5, 6, 7, 8, 9], [0, 2, 4, 5, 6, 7, 8, 9], [1, 2, 4, 5, 6, 7, 8, 9], [0, 1, 2, 4, 5, 6, 7, 8, 9], [3, 4, 5, 6, 7, 8, 9], [0, 3, 4, 5, 6, 7, 8, 9], [1, 3, 4, 5, 6, 7, 8, 9], [0, 1, 3, 4, 5, 6, 7, 8, 9], [2, 3, 4, 5, 6, 7, 8, 9], [0, 2, 3, 4, 5, 6, 7, 8, 9], [1, 2, 3, 4, 5, 6, 7, 8, 9], [0, 1, 2, 3, 4, 5, 6, 7, 8, 9]]
Vertex cover: [0, 1, 3, 7]
 Execution Time (in milliseconds): 8.380413055419922
========== INPUT 3 ==========
No. of Vertices: 10
No.of edges: 20
Original vertices: [0, 1, 2, 3, 4, 5, 6, 7, 8, 9]
Shuffled vertices:[9, 2, 1, 8, 0, 6, 3, 4, 7, 5]
Edges: [(2, 9), (1, 9), (8, 1), (0, 9), (6, 1), (3, 8), (4, 6), (7, 4), (5, 6), (7, 9), (0, 2), (6, 9), (2, 7), (3, 7), (8, 5), (4, 1), (9, 4), (3, 0), (4, 3), (2, 1)]
Power set: [[], [0], [1], [0, 1], [2], [0, 2], [1, 2], [0, 1, 2], [3], [0, 3], [1, 3], [0, 1, 3], [2, 3], [0, 2, 3], [1, 2, 3], [0, 1, 2, 3], [4], [0, 4], [1, 4], [0, 1, 4], [2, 4], [0, 2, 4], [1, 2, 4], [0, 1, 2, 4], [3, 4], [0, 3, 4], [1, 3, 4], [0, 1, 3, 4], [2, 3, 4], [0, 2, 3, 4], [1, 2, 3, 4], [0, 1, 2, 3, 4], [5], [0, 5], [1, 5], [0, 1, 5], [2, 5], [0, 2, 5], [1, 2, 5], [0, 1, 2, 5], [3, 5], [0, 3, 5], [1, 3, 5], [0, 1, 3, 5], [2, 3, 5], [0, 2, 3, 5], [1, 2, 3, 5], [0, 1, 2, 3, 5], [4, 5], [0, 4, 5], [1, 4, 5], [0, 1, 4, 5], [2, 4, 5], [0, 2, 4, 5], [1, 2, 4, 5], [0, 1, 2, 4, 5], [3, 4, 5], [0, 3, 4, 5], [1, 3, 4, 5], [0, 1, 3, 4, 5], [2, 3, 4, 5], [0, 2, 3, 4, 5], [1, 2, 3, 4, 5], [0, 1, 2, 3, 4, 5], [6], [0, 6], [1, 6], [0, 1, 6], [2, 6], [0, 2, 6], [1, 2, 6], [0, 1, 2, 6], [3, 6], [0, 3, 6], [1, 3, 6], [0, 1, 3, 6], [2, 3, 6], [0, 2, 3, 6], [1, 2, 3, 6], [0, 1, 2, 3, 6], [4, 6], [0, 4, 6], [1, 4, 6], [0, 1, 4, 6], [2, 4, 6], [0, 2, 4, 6], [1, 2, 4, 6], [0, 1, 2, 4, 6], [3, 4, 6], [0, 3, 4, 6], [1, 3, 4, 6], [0, 1, 3, 4, 6], [2, 3, 4, 6], [0, 2, 3, 4, 6], [1, 2, 3, 4, 6], [0, 1, 2, 3, 4, 6], [5, 6], [0, 5, 6], [1, 5, 6], [0, 1, 5, 6], [2, 5, 6], [0, 2, 5, 6], [1, 2, 5, 6], [0, 1, 2, 5, 6], [3, 5, 6], [0, 3, 5, 6], [1, 3, 5, 6], [0, 1, 3, 5, 6], [2, 3, 5, 6], [0, 2, 3, 5, 6], [1, 2, 3, 5, 6], [0, 1, 2, 3, 5, 6], [4, 5, 6], [0, 4, 5, 6], [1, 4, 5, 6], [0, 1, 4, 5, 6], [2, 4, 5, 6], [0, 2, 4, 5, 6], [1, 2, 4, 5, 6], [0, 1, 2, 4, 5, 6], [3, 4, 5, 6], [0, 3, 4, 5, 6], [1, 3, 4, 5, 6], [0, 1, 3, 4, 5, 6], [2, 3, 4, 5, 6], [0, 2, 3, 4, 5, 6], [1, 2, 3, 4, 5, 6], [0, 1, 2, 3, 4, 5, 6], [7], [0, 7], [1, 7], [0, 1, 7], [2, 7], [0, 2, 7], [1, 2, 7], [0, 1, 2, 7], [3, 7], [0, 3, 7], [1, 3, 7], [0, 1, 3, 7], [2, 3, 7], [0, 2, 3, 7], [1, 2, 3, 7], [0, 1, 2, 3, 7], [4, 7], [0, 4, 7], [1, 4, 7], [0, 1, 4, 7], [2, 4, 7], [0, 2, 4, 7], [1, 2, 4, 7], [0, 1, 2, 4, 7], [3, 4, 7], [0, 3, 4, 7], [1, 3, 4, 7], [0, 1, 3, 4, 7], [2, 3, 4, 7], [0, 2, 3, 4, 7], [1, 2, 3, 4, 7], [0, 1, 2, 3, 4, 7], [5, 7], [0, 5, 7], [1, 5, 7], [0, 1, 5, 7], [2, 5, 7], [0, 2, 5, 7], [1, 2, 5, 7], [0, 1, 2, 5, 7], [3, 5, 7], [0, 3, 5, 7], [1, 3, 5, 7], [0, 1, 3, 5, 7], [2, 3, 5, 7], [0, 2, 3, 5, 7], [1, 2, 3, 5, 7], [0, 1, 2, 3, 5, 7], [4, 5, 7], [0, 4, 5, 7], [1, 4, 5, 7], [0, 1, 4, 5, 7], [2, 4, 5, 7], [0, 2, 4, 5, 7], [1, 2, 4, 5, 7], [0, 1, 2, 4, 5, 7], [3, 4, 5, 7], [0, 3, 4, 5, 7], [1, 3, 4, 5, 7], [0, 1, 3, 4, 5, 7], [2, 3, 4, 5, 7], [0, 2, 3, 4, 5, 7], [1, 2, 3, 4, 5, 7], [0, 1, 2, 3, 4, 5, 7], [6, 7], [0, 6, 7], [1, 6, 7], [0, 1, 6, 7], [2, 6, 7], [0, 2, 6, 7], [1, 2, 6, 7], [0, 1, 2, 6, 7], [3, 6, 7], [0, 3, 6, 7], [1, 3, 6, 7], [0, 1, 3, 6, 7], [2, 3, 6, 7], [0, 2, 3, 6, 7], [1, 2, 3, 6, 7], [0, 1, 2, 3, 6, 7], [4, 6, 7], [0, 4, 6, 7], [1, 4, 6, 7], [0, 1, 4, 6, 7], [2, 4, 6, 7], [0, 2, 4, 6, 7], [1, 2, 4, 6, 7], [0, 1, 2, 4, 6, 7], [3, 4, 6, 7], [0, 3, 4, 6, 7], [1, 3, 4, 6, 7], [0, 1, 3, 4, 6, 7], [2, 3, 4, 6, 7], [0, 2, 3, 4, 6, 7], [1, 2, 3, 4, 6, 7], [0, 1, 2, 3, 4, 6, 7], [5, 6, 7], [0, 5, 6, 7], [1, 5, 6, 7], [0, 1, 5, 6, 7], [2, 5, 6, 7], [0, 2, 5, 6, 7], [1, 2, 5, 6, 7], [0, 1, 2, 5, 6, 7], [3, 5, 6, 7], [0, 3, 5, 6, 7], [1, 3, 5, 6, 7], [0, 1, 3, 5, 6, 7], [2, 3, 5, 6, 7], [0, 2, 3, 5, 6, 7], [1, 2, 3, 5, 6, 7], [0, 1, 2, 3, 5, 6, 7], [4, 5, 6, 7], [0, 4, 5, 6, 7], [1, 4, 5, 6, 7], [0, 1, 4, 5, 6, 7], [2, 4, 5, 6, 7], [0, 2, 4, 5, 6, 7], [1, 2, 4, 5, 6, 7], [0, 1, 2, 4, 5, 6, 7], [3, 4, 5, 6, 7], [0, 3, 4, 5, 6, 7], [1, 3, 4, 5, 6, 7], [0, 1, 3, 4, 5, 6, 7], [2, 3, 4, 5, 6, 7], [0, 2, 3, 4, 5, 6, 7], [1, 2, 3, 4, 5, 6, 7], [0, 1, 2, 3, 4, 5, 6, 7], [8], [0, 8], [1, 8], [0, 1, 8], [2, 8], [0, 2, 8], [1, 2, 8], [0, 1, 2, 8], [3, 8], [0, 3, 8], [1, 3, 8], [0, 1, 3, 8], [2, 3, 8], [0, 2, 3, 8], [1, 2, 3, 8], [0, 1, 2, 3, 8], [4, 8], [0, 4, 8], [1, 4, 8], [0, 1, 4, 8], [2, 4, 8], [0, 2, 4, 8], [1, 2, 4, 8], [0, 1, 2, 4, 8], [3, 4, 8], [0, 3, 4, 8], [1, 3, 4, 8], [0, 1, 3, 4, 8], [2, 3, 4, 8], [0, 2, 3, 4, 8], [1, 2, 3, 4, 8], [0, 1, 2, 3, 4, 8], [5, 8], [0, 5, 8], [1, 5, 8], [0, 1, 5, 8], [2, 5, 8], [0, 2, 5, 8], [1, 2, 5, 8], [0, 1, 2, 5, 8], [3, 5, 8], [0, 3, 5, 8], [1, 3, 5, 8], [0, 1, 3, 5, 8], [2, 3, 5, 8], [0, 2, 3, 5, 8], [1, 2, 3, 5, 8], [0, 1, 2, 3, 5, 8], [4, 5, 8], [0, 4, 5, 8], [1, 4, 5, 8], [0, 1, 4, 5, 8], [2, 4, 5, 8], [0, 2, 4, 5, 8], [1, 2, 4, 5, 8], [0, 1, 2, 4, 5, 8], [3, 4, 5, 8], [0, 3, 4, 5, 8], [1, 3, 4, 5, 8], [0, 1, 3, 4, 5, 8], [2, 3, 4, 5, 8], [0, 2, 3, 4, 5, 8], [1, 2, 3, 4, 5, 8], [0, 1, 2, 3, 4, 5, 8], [6, 8], [0, 6, 8], [1, 6, 8], [0, 1, 6, 8], [2, 6, 8], [0, 2, 6, 8], [1, 2, 6, 8], [0, 1, 2, 6, 8], [3, 6, 8], [0, 3, 6, 8], [1, 3, 6, 8], [0, 1, 3, 6, 8], [2, 3, 6, 8], [0, 2, 3, 6, 8], [1, 2, 3, 6, 8], [0, 1, 2, 3, 6, 8], [4, 6, 8], [0, 4, 6, 8], [1, 4, 6, 8], [0, 1, 4, 6, 8], [2, 4, 6, 8], [0, 2, 4, 6, 8], [1, 2, 4, 6, 8], [0, 1, 2, 4, 6, 8], [3, 4, 6, 8], [0, 3, 4, 6, 8], [1, 3, 4, 6, 8], [0, 1, 3, 4, 6, 8], [2, 3, 4, 6, 8], [0, 2, 3, 4, 6, 8], [1, 2, 3, 4, 6, 8], [0, 1, 2, 3, 4, 6, 8], [5, 6, 8], [0, 5, 6, 8], [1, 5, 6, 8], [0, 1, 5, 6, 8], [2, 5, 6, 8], [0, 2, 5, 6, 8], [1, 2, 5, 6, 8], [0, 1, 2, 5, 6, 8], [3, 5, 6, 8], [0, 3, 5, 6, 8], [1, 3, 5, 6, 8], [0, 1, 3, 5, 6, 8], [2, 3, 5, 6, 8], [0, 2, 3, 5, 6, 8], [1, 2, 3, 5, 6, 8], [0, 1, 2, 3, 5, 6, 8], [4, 5, 6, 8], [0, 4, 5, 6, 8], [1, 4, 5, 6, 8], [0, 1, 4, 5, 6, 8], [2, 4, 5, 6, 8], [0, 2, 4, 5, 6, 8], [1, 2, 4, 5, 6, 8], [0, 1, 2, 4, 5, 6, 8], [3, 4, 5, 6, 8], [0, 3, 4, 5, 6, 8], [1, 3, 4, 5, 6, 8], [0, 1, 3, 4, 5, 6, 8], [2, 3, 4, 5, 6, 8], [0, 2, 3, 4, 5, 6, 8], [1, 2, 3, 4, 5, 6, 8], [0, 1, 2, 3, 4, 5, 6, 8], [7, 8], [0, 7, 8], [1, 7, 8], [0, 1, 7, 8], [2, 7, 8], [0, 2, 7, 8], [1, 2, 7, 8], [0, 1, 2, 7, 8], [3, 7, 8], [0, 3, 7, 8], [1, 3, 7, 8], [0, 1, 3, 7, 8], [2, 3, 7, 8], [0, 2, 3, 7, 8], [1, 2, 3, 7, 8], [0, 1, 2, 3, 7, 8], [4, 7, 8], [0, 4, 7, 8], [1, 4, 7, 8], [0, 1, 4, 7, 8], [2, 4, 7, 8], [0, 2, 4, 7, 8], [1, 2, 4, 7, 8], [0, 1, 2, 4, 7, 8], [3, 4, 7, 8], [0, 3, 4, 7, 8], [1, 3, 4, 7, 8], [0, 1, 3, 4, 7, 8], [2, 3, 4, 7, 8], [0, 2, 3, 4, 7, 8], [1, 2, 3, 4, 7, 8], [0, 1, 2, 3, 4, 7, 8], [5, 7, 8], [0, 5, 7, 8], [1, 5, 7, 8], [0, 1, 5, 7, 8], [2, 5, 7, 8], [0, 2, 5, 7, 8], [1, 2, 5, 7, 8], [0, 1, 2, 5, 7, 8], [3, 5, 7, 8], [0, 3, 5, 7, 8], [1, 3, 5, 7, 8], [0, 1, 3, 5, 7, 8], [2, 3, 5, 7, 8], [0, 2, 3, 5, 7, 8], [1, 2, 3, 5, 7, 8], [0, 1, 2, 3, 5, 7, 8], [4, 5, 7, 8], [0, 4, 5, 7, 8], [1, 4, 5, 7, 8], [0, 1, 4, 5, 7, 8], [2, 4, 5, 7, 8], [0, 2, 4, 5, 7, 8], [1, 2, 4, 5, 7, 8], [0, 1, 2, 4, 5, 7, 8], [3, 4, 5, 7, 8], [0, 3, 4, 5, 7, 8], [1, 3, 4, 5, 7, 8], [0, 1, 3, 4, 5, 7, 8], [2, 3, 4, 5, 7, 8], [0, 2, 3, 4, 5, 7, 8], [1, 2, 3, 4, 5, 7, 8], [0, 1, 2, 3, 4, 5, 7, 8], [6, 7, 8], [0, 6, 7, 8], [1, 6, 7, 8], [0, 1, 6, 7, 8], [2, 6, 7, 8], [0, 2, 6, 7, 8], [1, 2, 6, 7, 8], [0, 1, 2, 6, 7, 8], [3, 6, 7, 8], [0, 3, 6, 7, 8], [1, 3, 6, 7, 8], [0, 1, 3, 6, 7, 8], [2, 3, 6, 7, 8], [0, 2, 3, 6, 7, 8], [1, 2, 3, 6, 7, 8], [0, 1, 2, 3, 6, 7, 8], [4, 6, 7, 8], [0, 4, 6, 7, 8], [1, 4, 6, 7, 8], [0, 1, 4, 6, 7, 8], [2, 4, 6, 7, 8], [0, 2, 4, 6, 7, 8], [1, 2, 4, 6, 7, 8], [0, 1, 2, 4, 6, 7, 8], [3, 4, 6, 7, 8], [0, 3, 4, 6, 7, 8], [1, 3, 4, 6, 7, 8], [0, 1, 3, 4, 6, 7, 8], [2, 3, 4, 6, 7, 8], [0, 2, 3, 4, 6, 7, 8], [1, 2, 3, 4, 6, 7, 8], [0, 1, 2, 3, 4, 6, 7, 8], [5, 6, 7, 8], [0, 5, 6, 7, 8], [1, 5, 6, 7, 8], [0, 1, 5, 6, 7, 8], [2, 5, 6, 7, 8], [0, 2, 5, 6, 7, 8], [1, 2, 5, 6, 7, 8], [0, 1, 2, 5, 6, 7, 8], [3, 5, 6, 7, 8], [0, 3, 5, 6, 7, 8], [1, 3, 5, 6, 7, 8], [0, 1, 3, 5, 6, 7, 8], [2, 3, 5, 6, 7, 8], [0, 2, 3, 5, 6, 7, 8], [1, 2, 3, 5, 6, 7, 8], [0, 1, 2, 3, 5, 6, 7, 8], [4, 5, 6, 7, 8], [0, 4, 5, 6, 7, 8], [1, 4, 5, 6, 7, 8], [0, 1, 4, 5, 6, 7, 8], [2, 4, 5, 6, 7, 8], [0, 2, 4, 5, 6, 7, 8], [1, 2, 4, 5, 6, 7, 8], [0, 1, 2, 4, 5, 6, 7, 8], [3, 4, 5, 6, 7, 8], [0, 3, 4, 5, 6, 7, 8], [1, 3, 4, 5, 6, 7, 8], [0, 1, 3, 4, 5, 6, 7, 8], [2, 3, 4, 5, 6, 7, 8], [0, 2, 3, 4, 5, 6, 7, 8], [1, 2, 3, 4, 5, 6, 7, 8], [0, 1, 2, 3, 4, 5, 6, 7, 8], [9], [0, 9], [1, 9], [0, 1, 9], [2, 9], [0, 2, 9], [1, 2, 9], [0, 1, 2, 9], [3, 9], [0, 3, 9], [1, 3, 9], [0, 1, 3, 9], [2, 3, 9], [0, 2, 3, 9], [1, 2, 3, 9], [0, 1, 2, 3, 9], [4, 9], [0, 4, 9], [1, 4, 9], [0, 1, 4, 9], [2, 4, 9], [0, 2, 4, 9], [1, 2, 4, 9], [0, 1, 2, 4, 9], [3, 4, 9], [0, 3, 4, 9], [1, 3, 4, 9], [0, 1, 3, 4, 9], [2, 3, 4, 9], [0, 2, 3, 4, 9], [1, 2, 3, 4, 9], [0, 1, 2, 3, 4, 9], [5, 9], [0, 5, 9], [1, 5, 9], [0, 1, 5, 9], [2, 5, 9], [0, 2, 5, 9], [1, 2, 5, 9], [0, 1, 2, 5, 9], [3, 5, 9], [0, 3, 5, 9], [1, 3, 5, 9], [0, 1, 3, 5, 9], [2, 3, 5, 9], [0, 2, 3, 5, 9], [1, 2, 3, 5, 9], [0, 1, 2, 3, 5, 9], [4, 5, 9], [0, 4, 5, 9], [1, 4, 5, 9], [0, 1, 4, 5, 9], [2, 4, 5, 9], [0, 2, 4, 5, 9], [1, 2, 4, 5, 9], [0, 1, 2, 4, 5, 9], [3, 4, 5, 9], [0, 3, 4, 5, 9], [1, 3, 4, 5, 9], [0, 1, 3, 4, 5, 9], [2, 3, 4, 5, 9], [0, 2, 3, 4, 5, 9], [1, 2, 3, 4, 5, 9], [0, 1, 2, 3, 4, 5, 9], [6, 9], [0, 6, 9], [1, 6, 9], [0, 1, 6, 9], [2, 6, 9], [0, 2, 6, 9], [1, 2, 6, 9], [0, 1, 2, 6, 9], [3, 6, 9], [0, 3, 6, 9], [1, 3, 6, 9], [0, 1, 3, 6, 9], [2, 3, 6, 9], [0, 2, 3, 6, 9], [1, 2, 3, 6, 9], [0, 1, 2, 3, 6, 9], [4, 6, 9], [0, 4, 6, 9], [1, 4, 6, 9], [0, 1, 4, 6, 9], [2, 4, 6, 9], [0, 2, 4, 6, 9], [1, 2, 4, 6, 9], [0, 1, 2, 4, 6, 9], [3, 4, 6, 9], [0, 3, 4, 6, 9], [1, 3, 4, 6, 9], [0, 1, 3, 4, 6, 9], [2, 3, 4, 6, 9], [0, 2, 3, 4, 6, 9], [1, 2, 3, 4, 6, 9], [0, 1, 2, 3, 4, 6, 9], [5, 6, 9], [0, 5, 6, 9], [1, 5, 6, 9], [0, 1, 5, 6, 9], [2, 5, 6, 9], [0, 2, 5, 6, 9], [1, 2, 5, 6, 9], [0, 1, 2, 5, 6, 9], [3, 5, 6, 9], [0, 3, 5, 6, 9], [1, 3, 5, 6, 9], [0, 1, 3, 5, 6, 9], [2, 3, 5, 6, 9], [0, 2, 3, 5, 6, 9], [1, 2, 3, 5, 6, 9], [0, 1, 2, 3, 5, 6, 9], [4, 5, 6, 9], [0, 4, 5, 6, 9], [1, 4, 5, 6, 9], [0, 1, 4, 5, 6, 9], [2, 4, 5, 6, 9], [0, 2, 4, 5, 6, 9], [1, 2, 4, 5, 6, 9], [0, 1, 2, 4, 5, 6, 9], [3, 4, 5, 6, 9], [0, 3, 4, 5, 6, 9], [1, 3, 4, 5, 6, 9], [0, 1, 3, 4, 5, 6, 9], [2, 3, 4, 5, 6, 9], [0, 2, 3, 4, 5, 6, 9], [1, 2, 3, 4, 5, 6, 9], [0, 1, 2, 3, 4, 5, 6, 9], [7, 9], [0, 7, 9], [1, 7, 9], [0, 1, 7, 9], [2, 7, 9], [0, 2, 7, 9], [1, 2, 7, 9], [0, 1, 2, 7, 9], [3, 7, 9], [0, 3, 7, 9], [1, 3, 7, 9], [0, 1, 3, 7, 9], [2, 3, 7, 9], [0, 2, 3, 7, 9], [1, 2, 3, 7, 9], [0, 1, 2, 3, 7, 9], [4, 7, 9], [0, 4, 7, 9], [1, 4, 7, 9], [0, 1, 4, 7, 9], [2, 4, 7, 9], [0, 2, 4, 7, 9], [1, 2, 4, 7, 9], [0, 1, 2, 4, 7, 9], [3, 4, 7, 9], [0, 3, 4, 7, 9], [1, 3, 4, 7, 9], [0, 1, 3, 4, 7, 9], [2, 3, 4, 7, 9], [0, 2, 3, 4, 7, 9], [1, 2, 3, 4, 7, 9], [0, 1, 2, 3, 4, 7, 9], [5, 7, 9], [0, 5, 7, 9], [1, 5, 7, 9], [0, 1, 5, 7, 9], [2, 5, 7, 9], [0, 2, 5, 7, 9], [1, 2, 5, 7, 9], [0, 1, 2, 5, 7, 9], [3, 5, 7, 9], [0, 3, 5, 7, 9], [1, 3, 5, 7, 9], [0, 1, 3, 5, 7, 9], [2, 3, 5, 7, 9], [0, 2, 3, 5, 7, 9], [1, 2, 3, 5, 7, 9], [0, 1, 2, 3, 5, 7, 9], [4, 5, 7, 9], [0, 4, 5, 7, 9], [1, 4, 5, 7, 9], [0, 1, 4, 5, 7, 9], [2, 4, 5, 7, 9], [0, 2, 4, 5, 7, 9], [1, 2, 4, 5, 7, 9], [0, 1, 2, 4, 5, 7, 9], [3, 4, 5, 7, 9], [0, 3, 4, 5, 7, 9], [1, 3, 4, 5, 7, 9], [0, 1, 3, 4, 5, 7, 9], [2, 3, 4, 5, 7, 9], [0, 2, 3, 4, 5, 7, 9], [1, 2, 3, 4, 5, 7, 9], [0, 1, 2, 3, 4, 5, 7, 9], [6, 7, 9], [0, 6, 7, 9], [1, 6, 7, 9], [0, 1, 6, 7, 9], [2, 6, 7, 9], [0, 2, 6, 7, 9], [1, 2, 6, 7, 9], [0, 1, 2, 6, 7, 9], [3, 6, 7, 9], [0, 3, 6, 7, 9], [1, 3, 6, 7, 9], [0, 1, 3, 6, 7, 9], [2, 3, 6, 7, 9], [0, 2, 3, 6, 7, 9], [1, 2, 3, 6, 7, 9], [0, 1, 2, 3, 6, 7, 9], [4, 6, 7, 9], [0, 4, 6, 7, 9], [1, 4, 6, 7, 9], [0, 1, 4, 6, 7, 9], [2, 4, 6, 7, 9], [0, 2, 4, 6, 7, 9], [1, 2, 4, 6, 7, 9], [0, 1, 2, 4, 6, 7, 9], [3, 4, 6, 7, 9], [0, 3, 4, 6, 7, 9], [1, 3, 4, 6, 7, 9], [0, 1, 3, 4, 6, 7, 9], [2, 3, 4, 6, 7, 9], [0, 2, 3, 4, 6, 7, 9], [1, 2, 3, 4, 6, 7, 9], [0, 1, 2, 3, 4, 6, 7, 9], [5, 6, 7, 9], [0, 5, 6, 7, 9], [1, 5, 6, 7, 9], [0, 1, 5, 6, 7, 9], [2, 5, 6, 7, 9], [0, 2, 5, 6, 7, 9], [1, 2, 5, 6, 7, 9], [0, 1, 2, 5, 6, 7, 9], [3, 5, 6, 7, 9], [0, 3, 5, 6, 7, 9], [1, 3, 5, 6, 7, 9], [0, 1, 3, 5, 6, 7, 9], [2, 3, 5, 6, 7, 9], [0, 2, 3, 5, 6, 7, 9], [1, 2, 3, 5, 6, 7, 9], [0, 1, 2, 3, 5, 6, 7, 9], [4, 5, 6, 7, 9], [0, 4, 5, 6, 7, 9], [1, 4, 5, 6, 7, 9], [0, 1, 4, 5, 6, 7, 9], [2, 4, 5, 6, 7, 9], [0, 2, 4, 5, 6, 7, 9], [1, 2, 4, 5, 6, 7, 9], [0, 1, 2, 4, 5, 6, 7, 9], [3, 4, 5, 6, 7, 9], [0, 3, 4, 5, 6, 7, 9], [1, 3, 4, 5, 6, 7, 9], [0, 1, 3, 4, 5, 6, 7, 9], [2, 3, 4, 5, 6, 7, 9], [0, 2, 3, 4, 5, 6, 7, 9], [1, 2, 3, 4, 5, 6, 7, 9], [0, 1, 2, 3, 4, 5, 6, 7, 9], [8, 9], [0, 8, 9], [1, 8, 9], [0, 1, 8, 9], [2, 8, 9], [0, 2, 8, 9], [1, 2, 8, 9], [0, 1, 2, 8, 9], [3, 8, 9], [0, 3, 8, 9], [1, 3, 8, 9], [0, 1, 3, 8, 9], [2, 3, 8, 9], [0, 2, 3, 8, 9], [1, 2, 3, 8, 9], [0, 1, 2, 3, 8, 9], [4, 8, 9], [0, 4, 8, 9], [1, 4, 8, 9], [0, 1, 4, 8, 9], [2, 4, 8, 9], [0, 2, 4, 8, 9], [1, 2, 4, 8, 9], [0, 1, 2, 4, 8, 9], [3, 4, 8, 9], [0, 3, 4, 8, 9], [1, 3, 4, 8, 9], [0, 1, 3, 4, 8, 9], [2, 3, 4, 8, 9], [0, 2, 3, 4, 8, 9], [1, 2, 3, 4, 8, 9], [0, 1, 2, 3, 4, 8, 9], [5, 8, 9], [0, 5, 8, 9], [1, 5, 8, 9], [0, 1, 5, 8, 9], [2, 5, 8, 9], [0, 2, 5, 8, 9], [1, 2, 5, 8, 9], [0, 1, 2, 5, 8, 9], [3, 5, 8, 9], [0, 3, 5, 8, 9], [1, 3, 5, 8, 9], [0, 1, 3, 5, 8, 9], [2, 3, 5, 8, 9], [0, 2, 3, 5, 8, 9], [1, 2, 3, 5, 8, 9], [0, 1, 2, 3, 5, 8, 9], [4, 5, 8, 9], [0, 4, 5, 8, 9], [1, 4, 5, 8, 9], [0, 1, 4, 5, 8, 9], [2, 4, 5, 8, 9], [0, 2, 4, 5, 8, 9], [1, 2, 4, 5, 8, 9], [0, 1, 2, 4, 5, 8, 9], [3, 4, 5, 8, 9], [0, 3, 4, 5, 8, 9], [1, 3, 4, 5, 8, 9], [0, 1, 3, 4, 5, 8, 9], [2, 3, 4, 5, 8, 9], [0, 2, 3, 4, 5, 8, 9], [1, 2, 3, 4, 5, 8, 9], [0, 1, 2, 3, 4, 5, 8, 9], [6, 8, 9], [0, 6, 8, 9], [1, 6, 8, 9], [0, 1, 6, 8, 9], [2, 6, 8, 9], [0, 2, 6, 8, 9], [1, 2, 6, 8, 9], [0, 1, 2, 6, 8, 9], [3, 6, 8, 9], [0, 3, 6, 8, 9], [1, 3, 6, 8, 9], [0, 1, 3, 6, 8, 9], [2, 3, 6, 8, 9], [0, 2, 3, 6, 8, 9], [1, 2, 3, 6, 8, 9], [0, 1, 2, 3, 6, 8, 9], [4, 6, 8, 9], [0, 4, 6, 8, 9], [1, 4, 6, 8, 9], [0, 1, 4, 6, 8, 9], [2, 4, 6, 8, 9], [0, 2, 4, 6, 8, 9], [1, 2, 4, 6, 8, 9], [0, 1, 2, 4, 6, 8, 9], [3, 4, 6, 8, 9], [0, 3, 4, 6, 8, 9], [1, 3, 4, 6, 8, 9], [0, 1, 3, 4, 6, 8, 9], [2, 3, 4, 6, 8, 9], [0, 2, 3, 4, 6, 8, 9], [1, 2, 3, 4, 6, 8, 9], [0, 1, 2, 3, 4, 6, 8, 9], [5, 6, 8, 9], [0, 5, 6, 8, 9], [1, 5, 6, 8, 9], [0, 1, 5, 6, 8, 9], [2, 5, 6, 8, 9], [0, 2, 5, 6, 8, 9], [1, 2, 5, 6, 8, 9], [0, 1, 2, 5, 6, 8, 9], [3, 5, 6, 8, 9], [0, 3, 5, 6, 8, 9], [1, 3, 5, 6, 8, 9], [0, 1, 3, 5, 6, 8, 9], [2, 3, 5, 6, 8, 9], [0, 2, 3, 5, 6, 8, 9], [1, 2, 3, 5, 6, 8, 9], [0, 1, 2, 3, 5, 6, 8, 9], [4, 5, 6, 8, 9], [0, 4, 5, 6, 8, 9], [1, 4, 5, 6, 8, 9], [0, 1, 4, 5, 6, 8, 9], [2, 4, 5, 6, 8, 9], [0, 2, 4, 5, 6, 8, 9], [1, 2, 4, 5, 6, 8, 9], [0, 1, 2, 4, 5, 6, 8, 9], [3, 4, 5, 6, 8, 9], [0, 3, 4, 5, 6, 8, 9], [1, 3, 4, 5, 6, 8, 9], [0, 1, 3, 4, 5, 6, 8, 9], [2, 3, 4, 5, 6, 8, 9], [0, 2, 3, 4, 5, 6, 8, 9], [1, 2, 3, 4, 5, 6, 8, 9], [0, 1, 2, 3, 4, 5, 6, 8, 9], [7, 8, 9], [0, 7, 8, 9], [1, 7, 8, 9], [0, 1, 7, 8, 9], [2, 7, 8, 9], [0, 2, 7, 8, 9], [1, 2, 7, 8, 9], [0, 1, 2, 7, 8, 9], [3, 7, 8, 9], [0, 3, 7, 8, 9], [1, 3, 7, 8, 9], [0, 1, 3, 7, 8, 9], [2, 3, 7, 8, 9], [0, 2, 3, 7, 8, 9], [1, 2, 3, 7, 8, 9], [0, 1, 2, 3, 7, 8, 9], [4, 7, 8, 9], [0, 4, 7, 8, 9], [1, 4, 7, 8, 9], [0, 1, 4, 7, 8, 9], [2, 4, 7, 8, 9], [0, 2, 4, 7, 8, 9], [1, 2, 4, 7, 8, 9], [0, 1, 2, 4, 7, 8, 9], [3, 4, 7, 8, 9], [0, 3, 4, 7, 8, 9], [1, 3, 4, 7, 8, 9], [0, 1, 3, 4, 7, 8, 9], [2, 3, 4, 7, 8, 9], [0, 2, 3, 4, 7, 8, 9], [1, 2, 3, 4, 7, 8, 9], [0, 1, 2, 3, 4, 7, 8, 9], [5, 7, 8, 9], [0, 5, 7, 8, 9], [1, 5, 7, 8, 9], [0, 1, 5, 7, 8, 9], [2, 5, 7, 8, 9], [0, 2, 5, 7, 8, 9], [1, 2, 5, 7, 8, 9], [0, 1, 2, 5, 7, 8, 9], [3, 5, 7, 8, 9], [0, 3, 5, 7, 8, 9], [1, 3, 5, 7, 8, 9], [0, 1, 3, 5, 7, 8, 9], [2, 3, 5, 7, 8, 9], [0, 2, 3, 5, 7, 8, 9], [1, 2, 3, 5, 7, 8, 9], [0, 1, 2, 3, 5, 7, 8, 9], [4, 5, 7, 8, 9], [0, 4, 5, 7, 8, 9], [1, 4, 5, 7, 8, 9], [0, 1, 4, 5, 7, 8, 9], [2, 4, 5, 7, 8, 9], [0, 2, 4, 5, 7, 8, 9], [1, 2, 4, 5, 7, 8, 9], [0, 1, 2, 4, 5, 7, 8, 9], [3, 4, 5, 7, 8, 9], [0, 3, 4, 5, 7, 8, 9], [1, 3, 4, 5, 7, 8, 9], [0, 1, 3, 4, 5, 7, 8, 9], [2, 3, 4, 5, 7, 8, 9], [0, 2, 3, 4, 5, 7, 8, 9], [1, 2, 3, 4, 5, 7, 8, 9], [0, 1, 2, 3, 4, 5, 7, 8, 9], [6, 7, 8, 9], [0, 6, 7, 8, 9], [1, 6, 7, 8, 9], [0, 1, 6, 7, 8, 9], [2, 6, 7, 8, 9], [0, 2, 6, 7, 8, 9], [1, 2, 6, 7, 8, 9], [0, 1, 2, 6, 7, 8, 9], [3, 6, 7, 8, 9], [0, 3, 6, 7, 8, 9], [1, 3, 6, 7, 8, 9], [0, 1, 3, 6, 7, 8, 9], [2, 3, 6, 7, 8, 9], [0, 2, 3, 6, 7, 8, 9], [1, 2, 3, 6, 7, 8, 9], [0, 1, 2, 3, 6, 7, 8, 9], [4, 6, 7, 8, 9], [0, 4, 6, 7, 8, 9], [1, 4, 6, 7, 8, 9], [0, 1, 4, 6, 7, 8, 9], [2, 4, 6, 7, 8, 9], [0, 2, 4, 6, 7, 8, 9], [1, 2, 4, 6, 7, 8, 9], [0, 1, 2, 4, 6, 7, 8, 9], [3, 4, 6, 7, 8, 9], [0, 3, 4, 6, 7, 8, 9], [1, 3, 4, 6, 7, 8, 9], [0, 1, 3, 4, 6, 7, 8, 9], [2, 3, 4, 6, 7, 8, 9], [0, 2, 3, 4, 6, 7, 8, 9], [1, 2, 3, 4, 6, 7, 8, 9], [0, 1, 2, 3, 4, 6, 7, 8, 9], [5, 6, 7, 8, 9], [0, 5, 6, 7, 8, 9], [1, 5, 6, 7, 8, 9], [0, 1, 5, 6, 7, 8, 9], [2, 5, 6, 7, 8, 9], [0, 2, 5, 6, 7, 8, 9], [1, 2, 5, 6, 7, 8, 9], [0, 1, 2, 5, 6, 7, 8, 9], [3, 5, 6, 7, 8, 9], [0, 3, 5, 6, 7, 8, 9], [1, 3, 5, 6, 7, 8, 9], [0, 1, 3, 5, 6, 7, 8, 9], [2, 3, 5, 6, 7, 8, 9], [0, 2, 3, 5, 6, 7, 8, 9], [1, 2, 3, 5, 6, 7, 8, 9], [0, 1, 2, 3, 5, 6, 7, 8, 9], [4, 5, 6, 7, 8, 9], [0, 4, 5, 6, 7, 8, 9], [1, 4, 5, 6, 7, 8, 9], [0, 1, 4, 5, 6, 7, 8, 9], [2, 4, 5, 6, 7, 8, 9], [0, 2, 4, 5, 6, 7, 8, 9], [1, 2, 4, 5, 6, 7, 8, 9], [0, 1, 2, 4, 5, 6, 7, 8, 9], [3, 4, 5, 6, 7, 8, 9], [0, 3, 4, 5, 6, 7, 8, 9], [1, 3, 4, 5, 6, 7, 8, 9], [0, 1, 3, 4, 5, 6, 7, 8, 9], [2, 3, 4, 5, 6, 7, 8, 9], [0, 2, 3, 4, 5, 6, 7, 8, 9], [1, 2, 3, 4, 5, 6, 7, 8, 9], [0, 1, 2, 3, 4, 5, 6, 7, 8, 9]]
Vertex cover: [1, 2, 3, 4, 5, 9]
 Execution Time (in milliseconds): 12.360095977783203
========== INPUT 4 ==========
No. of Vertices: 10
No.of edges: 25
Original vertices: [0, 1, 2, 3, 4, 5, 6, 7, 8, 9]
Shuffled vertices:[2, 4, 0, 1, 3, 8, 7, 9, 5, 6]
Edges: [(4, 2), (0, 2), (1, 2), (3, 1), (8, 1), (7, 8), (9, 8), (5, 9), (6, 8), (9, 1), (7, 3), (4, 0), (3, 8), (2, 6), (7, 5), (6, 9), (6, 1), (0, 8), (7, 9), (4, 6), (5, 4), (5, 3), (4, 9), (7, 0), (1, 4)]
Power set: [[], [0], [1], [0, 1], [2], [0, 2], [1, 2], [0, 1, 2], [3], [0, 3], [1, 3], [0, 1, 3], [2, 3], [0, 2, 3], [1, 2, 3], [0, 1, 2, 3], [4], [0, 4], [1, 4], [0, 1, 4], [2, 4], [0, 2, 4], [1, 2, 4], [0, 1, 2, 4], [3, 4], [0, 3, 4], [1, 3, 4], [0, 1, 3, 4], [2, 3, 4], [0, 2, 3, 4], [1, 2, 3, 4], [0, 1, 2, 3, 4], [5], [0, 5], [1, 5], [0, 1, 5], [2, 5], [0, 2, 5], [1, 2, 5], [0, 1, 2, 5], [3, 5], [0, 3, 5], [1, 3, 5], [0, 1, 3, 5], [2, 3, 5], [0, 2, 3, 5], [1, 2, 3, 5], [0, 1, 2, 3, 5], [4, 5], [0, 4, 5], [1, 4, 5], [0, 1, 4, 5], [2, 4, 5], [0, 2, 4, 5], [1, 2, 4, 5], [0, 1, 2, 4, 5], [3, 4, 5], [0, 3, 4, 5], [1, 3, 4, 5], [0, 1, 3, 4, 5], [2, 3, 4, 5], [0, 2, 3, 4, 5], [1, 2, 3, 4, 5], [0, 1, 2, 3, 4, 5], [6], [0, 6], [1, 6], [0, 1, 6], [2, 6], [0, 2, 6], [1, 2, 6], [0, 1, 2, 6], [3, 6], [0, 3, 6], [1, 3, 6], [0, 1, 3, 6], [2, 3, 6], [0, 2, 3, 6], [1, 2, 3, 6], [0, 1, 2, 3, 6], [4, 6], [0, 4, 6], [1, 4, 6], [0, 1, 4, 6], [2, 4, 6], [0, 2, 4, 6], [1, 2, 4, 6], [0, 1, 2, 4, 6], [3, 4, 6], [0, 3, 4, 6], [1, 3, 4, 6], [0, 1, 3, 4, 6], [2, 3, 4, 6], [0, 2, 3, 4, 6], [1, 2, 3, 4, 6], [0, 1, 2, 3, 4, 6], [5, 6], [0, 5, 6], [1, 5, 6], [0, 1, 5, 6], [2, 5, 6], [0, 2, 5, 6], [1, 2, 5, 6], [0, 1, 2, 5, 6], [3, 5, 6], [0, 3, 5, 6], [1, 3, 5, 6], [0, 1, 3, 5, 6], [2, 3, 5, 6], [0, 2, 3, 5, 6], [1, 2, 3, 5, 6], [0, 1, 2, 3, 5, 6], [4, 5, 6], [0, 4, 5, 6], [1, 4, 5, 6], [0, 1, 4, 5, 6], [2, 4, 5, 6], [0, 2, 4, 5, 6], [1, 2, 4, 5, 6], [0, 1, 2, 4, 5, 6], [3, 4, 5, 6], [0, 3, 4, 5, 6], [1, 3, 4, 5, 6], [0, 1, 3, 4, 5, 6], [2, 3, 4, 5, 6], [0, 2, 3, 4, 5, 6], [1, 2, 3, 4, 5, 6], [0, 1, 2, 3, 4, 5, 6], [7], [0, 7], [1, 7], [0, 1, 7], [2, 7], [0, 2, 7], [1, 2, 7], [0, 1, 2, 7], [3, 7], [0, 3, 7], [1, 3, 7], [0, 1, 3, 7], [2, 3, 7], [0, 2, 3, 7], [1, 2, 3, 7], [0, 1, 2, 3, 7], [4, 7], [0, 4, 7], [1, 4, 7], [0, 1, 4, 7], [2, 4, 7], [0, 2, 4, 7], [1, 2, 4, 7], [0, 1, 2, 4, 7], [3, 4, 7], [0, 3, 4, 7], [1, 3, 4, 7], [0, 1, 3, 4, 7], [2, 3, 4, 7], [0, 2, 3, 4, 7], [1, 2, 3, 4, 7], [0, 1, 2, 3, 4, 7], [5, 7], [0, 5, 7], [1, 5, 7], [0, 1, 5, 7], [2, 5, 7], [0, 2, 5, 7], [1, 2, 5, 7], [0, 1, 2, 5, 7], [3, 5, 7], [0, 3, 5, 7], [1, 3, 5, 7], [0, 1, 3, 5, 7], [2, 3, 5, 7], [0, 2, 3, 5, 7], [1, 2, 3, 5, 7], [0, 1, 2, 3, 5, 7], [4, 5, 7], [0, 4, 5, 7], [1, 4, 5, 7], [0, 1, 4, 5, 7], [2, 4, 5, 7], [0, 2, 4, 5, 7], [1, 2, 4, 5, 7], [0, 1, 2, 4, 5, 7], [3, 4, 5, 7], [0, 3, 4, 5, 7], [1, 3, 4, 5, 7], [0, 1, 3, 4, 5, 7], [2, 3, 4, 5, 7], [0, 2, 3, 4, 5, 7], [1, 2, 3, 4, 5, 7], [0, 1, 2, 3, 4, 5, 7], [6, 7], [0, 6, 7], [1, 6, 7], [0, 1, 6, 7], [2, 6, 7], [0, 2, 6, 7], [1, 2, 6, 7], [0, 1, 2, 6, 7], [3, 6, 7], [0, 3, 6, 7], [1, 3, 6, 7], [0, 1, 3, 6, 7], [2, 3, 6, 7], [0, 2, 3, 6, 7], [1, 2, 3, 6, 7], [0, 1, 2, 3, 6, 7], [4, 6, 7], [0, 4, 6, 7], [1, 4, 6, 7], [0, 1, 4, 6, 7], [2, 4, 6, 7], [0, 2, 4, 6, 7], [1, 2, 4, 6, 7], [0, 1, 2, 4, 6, 7], [3, 4, 6, 7], [0, 3, 4, 6, 7], [1, 3, 4, 6, 7], [0, 1, 3, 4, 6, 7], [2, 3, 4, 6, 7], [0, 2, 3, 4, 6, 7], [1, 2, 3, 4, 6, 7], [0, 1, 2, 3, 4, 6, 7], [5, 6, 7], [0, 5, 6, 7], [1, 5, 6, 7], [0, 1, 5, 6, 7], [2, 5, 6, 7], [0, 2, 5, 6, 7], [1, 2, 5, 6, 7], [0, 1, 2, 5, 6, 7], [3, 5, 6, 7], [0, 3, 5, 6, 7], [1, 3, 5, 6, 7], [0, 1, 3, 5, 6, 7], [2, 3, 5, 6, 7], [0, 2, 3, 5, 6, 7], [1, 2, 3, 5, 6, 7], [0, 1, 2, 3, 5, 6, 7], [4, 5, 6, 7], [0, 4, 5, 6, 7], [1, 4, 5, 6, 7], [0, 1, 4, 5, 6, 7], [2, 4, 5, 6, 7], [0, 2, 4, 5, 6, 7], [1, 2, 4, 5, 6, 7], [0, 1, 2, 4, 5, 6, 7], [3, 4, 5, 6, 7], [0, 3, 4, 5, 6, 7], [1, 3, 4, 5, 6, 7], [0, 1, 3, 4, 5, 6, 7], [2, 3, 4, 5, 6, 7], [0, 2, 3, 4, 5, 6, 7], [1, 2, 3, 4, 5, 6, 7], [0, 1, 2, 3, 4, 5, 6, 7], [8], [0, 8], [1, 8], [0, 1, 8], [2, 8], [0, 2, 8], [1, 2, 8], [0, 1, 2, 8], [3, 8], [0, 3, 8], [1, 3, 8], [0, 1, 3, 8], [2, 3, 8], [0, 2, 3, 8], [1, 2, 3, 8], [0, 1, 2, 3, 8], [4, 8], [0, 4, 8], [1, 4, 8], [0, 1, 4, 8], [2, 4, 8], [0, 2, 4, 8], [1, 2, 4, 8], [0, 1, 2, 4, 8], [3, 4, 8], [0, 3, 4, 8], [1, 3, 4, 8], [0, 1, 3, 4, 8], [2, 3, 4, 8], [0, 2, 3, 4, 8], [1, 2, 3, 4, 8], [0, 1, 2, 3, 4, 8], [5, 8], [0, 5, 8], [1, 5, 8], [0, 1, 5, 8], [2, 5, 8], [0, 2, 5, 8], [1, 2, 5, 8], [0, 1, 2, 5, 8], [3, 5, 8], [0, 3, 5, 8], [1, 3, 5, 8], [0, 1, 3, 5, 8], [2, 3, 5, 8], [0, 2, 3, 5, 8], [1, 2, 3, 5, 8], [0, 1, 2, 3, 5, 8], [4, 5, 8], [0, 4, 5, 8], [1, 4, 5, 8], [0, 1, 4, 5, 8], [2, 4, 5, 8], [0, 2, 4, 5, 8], [1, 2, 4, 5, 8], [0, 1, 2, 4, 5, 8], [3, 4, 5, 8], [0, 3, 4, 5, 8], [1, 3, 4, 5, 8], [0, 1, 3, 4, 5, 8], [2, 3, 4, 5, 8], [0, 2, 3, 4, 5, 8], [1, 2, 3, 4, 5, 8], [0, 1, 2, 3, 4, 5, 8], [6, 8], [0, 6, 8], [1, 6, 8], [0, 1, 6, 8], [2, 6, 8], [0, 2, 6, 8], [1, 2, 6, 8], [0, 1, 2, 6, 8], [3, 6, 8], [0, 3, 6, 8], [1, 3, 6, 8], [0, 1, 3, 6, 8], [2, 3, 6, 8], [0, 2, 3, 6, 8], [1, 2, 3, 6, 8], [0, 1, 2, 3, 6, 8], [4, 6, 8], [0, 4, 6, 8], [1, 4, 6, 8], [0, 1, 4, 6, 8], [2, 4, 6, 8], [0, 2, 4, 6, 8], [1, 2, 4, 6, 8], [0, 1, 2, 4, 6, 8], [3, 4, 6, 8], [0, 3, 4, 6, 8], [1, 3, 4, 6, 8], [0, 1, 3, 4, 6, 8], [2, 3, 4, 6, 8], [0, 2, 3, 4, 6, 8], [1, 2, 3, 4, 6, 8], [0, 1, 2, 3, 4, 6, 8], [5, 6, 8], [0, 5, 6, 8], [1, 5, 6, 8], [0, 1, 5, 6, 8], [2, 5, 6, 8], [0, 2, 5, 6, 8], [1, 2, 5, 6, 8], [0, 1, 2, 5, 6, 8], [3, 5, 6, 8], [0, 3, 5, 6, 8], [1, 3, 5, 6, 8], [0, 1, 3, 5, 6, 8], [2, 3, 5, 6, 8], [0, 2, 3, 5, 6, 8], [1, 2, 3, 5, 6, 8], [0, 1, 2, 3, 5, 6, 8], [4, 5, 6, 8], [0, 4, 5, 6, 8], [1, 4, 5, 6, 8], [0, 1, 4, 5, 6, 8], [2, 4, 5, 6, 8], [0, 2, 4, 5, 6, 8], [1, 2, 4, 5, 6, 8], [0, 1, 2, 4, 5, 6, 8], [3, 4, 5, 6, 8], [0, 3, 4, 5, 6, 8], [1, 3, 4, 5, 6, 8], [0, 1, 3, 4, 5, 6, 8], [2, 3, 4, 5, 6, 8], [0, 2, 3, 4, 5, 6, 8], [1, 2, 3, 4, 5, 6, 8], [0, 1, 2, 3, 4, 5, 6, 8], [7, 8], [0, 7, 8], [1, 7, 8], [0, 1, 7, 8], [2, 7, 8], [0, 2, 7, 8], [1, 2, 7, 8], [0, 1, 2, 7, 8], [3, 7, 8], [0, 3, 7, 8], [1, 3, 7, 8], [0, 1, 3, 7, 8], [2, 3, 7, 8], [0, 2, 3, 7, 8], [1, 2, 3, 7, 8], [0, 1, 2, 3, 7, 8], [4, 7, 8], [0, 4, 7, 8], [1, 4, 7, 8], [0, 1, 4, 7, 8], [2, 4, 7, 8], [0, 2, 4, 7, 8], [1, 2, 4, 7, 8], [0, 1, 2, 4, 7, 8], [3, 4, 7, 8], [0, 3, 4, 7, 8], [1, 3, 4, 7, 8], [0, 1, 3, 4, 7, 8], [2, 3, 4, 7, 8], [0, 2, 3, 4, 7, 8], [1, 2, 3, 4, 7, 8], [0, 1, 2, 3, 4, 7, 8], [5, 7, 8], [0, 5, 7, 8], [1, 5, 7, 8], [0, 1, 5, 7, 8], [2, 5, 7, 8], [0, 2, 5, 7, 8], [1, 2, 5, 7, 8], [0, 1, 2, 5, 7, 8], [3, 5, 7, 8], [0, 3, 5, 7, 8], [1, 3, 5, 7, 8], [0, 1, 3, 5, 7, 8], [2, 3, 5, 7, 8], [0, 2, 3, 5, 7, 8], [1, 2, 3, 5, 7, 8], [0, 1, 2, 3, 5, 7, 8], [4, 5, 7, 8], [0, 4, 5, 7, 8], [1, 4, 5, 7, 8], [0, 1, 4, 5, 7, 8], [2, 4, 5, 7, 8], [0, 2, 4, 5, 7, 8], [1, 2, 4, 5, 7, 8], [0, 1, 2, 4, 5, 7, 8], [3, 4, 5, 7, 8], [0, 3, 4, 5, 7, 8], [1, 3, 4, 5, 7, 8], [0, 1, 3, 4, 5, 7, 8], [2, 3, 4, 5, 7, 8], [0, 2, 3, 4, 5, 7, 8], [1, 2, 3, 4, 5, 7, 8], [0, 1, 2, 3, 4, 5, 7, 8], [6, 7, 8], [0, 6, 7, 8], [1, 6, 7, 8], [0, 1, 6, 7, 8], [2, 6, 7, 8], [0, 2, 6, 7, 8], [1, 2, 6, 7, 8], [0, 1, 2, 6, 7, 8], [3, 6, 7, 8], [0, 3, 6, 7, 8], [1, 3, 6, 7, 8], [0, 1, 3, 6, 7, 8], [2, 3, 6, 7, 8], [0, 2, 3, 6, 7, 8], [1, 2, 3, 6, 7, 8], [0, 1, 2, 3, 6, 7, 8], [4, 6, 7, 8], [0, 4, 6, 7, 8], [1, 4, 6, 7, 8], [0, 1, 4, 6, 7, 8], [2, 4, 6, 7, 8], [0, 2, 4, 6, 7, 8], [1, 2, 4, 6, 7, 8], [0, 1, 2, 4, 6, 7, 8], [3, 4, 6, 7, 8], [0, 3, 4, 6, 7, 8], [1, 3, 4, 6, 7, 8], [0, 1, 3, 4, 6, 7, 8], [2, 3, 4, 6, 7, 8], [0, 2, 3, 4, 6, 7, 8], [1, 2, 3, 4, 6, 7, 8], [0, 1, 2, 3, 4, 6, 7, 8], [5, 6, 7, 8], [0, 5, 6, 7, 8], [1, 5, 6, 7, 8], [0, 1, 5, 6, 7, 8], [2, 5, 6, 7, 8], [0, 2, 5, 6, 7, 8], [1, 2, 5, 6, 7, 8], [0, 1, 2, 5, 6, 7, 8], [3, 5, 6, 7, 8], [0, 3, 5, 6, 7, 8], [1, 3, 5, 6, 7, 8], [0, 1, 3, 5, 6, 7, 8], [2, 3, 5, 6, 7, 8], [0, 2, 3, 5, 6, 7, 8], [1, 2, 3, 5, 6, 7, 8], [0, 1, 2, 3, 5, 6, 7, 8], [4, 5, 6, 7, 8], [0, 4, 5, 6, 7, 8], [1, 4, 5, 6, 7, 8], [0, 1, 4, 5, 6, 7, 8], [2, 4, 5, 6, 7, 8], [0, 2, 4, 5, 6, 7, 8], [1, 2, 4, 5, 6, 7, 8], [0, 1, 2, 4, 5, 6, 7, 8], [3, 4, 5, 6, 7, 8], [0, 3, 4, 5, 6, 7, 8], [1, 3, 4, 5, 6, 7, 8], [0, 1, 3, 4, 5, 6, 7, 8], [2, 3, 4, 5, 6, 7, 8], [0, 2, 3, 4, 5, 6, 7, 8], [1, 2, 3, 4, 5, 6, 7, 8], [0, 1, 2, 3, 4, 5, 6, 7, 8], [9], [0, 9], [1, 9], [0, 1, 9], [2, 9], [0, 2, 9], [1, 2, 9], [0, 1, 2, 9], [3, 9], [0, 3, 9], [1, 3, 9], [0, 1, 3, 9], [2, 3, 9], [0, 2, 3, 9], [1, 2, 3, 9], [0, 1, 2, 3, 9], [4, 9], [0, 4, 9], [1, 4, 9], [0, 1, 4, 9], [2, 4, 9], [0, 2, 4, 9], [1, 2, 4, 9], [0, 1, 2, 4, 9], [3, 4, 9], [0, 3, 4, 9], [1, 3, 4, 9], [0, 1, 3, 4, 9], [2, 3, 4, 9], [0, 2, 3, 4, 9], [1, 2, 3, 4, 9], [0, 1, 2, 3, 4, 9], [5, 9], [0, 5, 9], [1, 5, 9], [0, 1, 5, 9], [2, 5, 9], [0, 2, 5, 9], [1, 2, 5, 9], [0, 1, 2, 5, 9], [3, 5, 9], [0, 3, 5, 9], [1, 3, 5, 9], [0, 1, 3, 5, 9], [2, 3, 5, 9], [0, 2, 3, 5, 9], [1, 2, 3, 5, 9], [0, 1, 2, 3, 5, 9], [4, 5, 9], [0, 4, 5, 9], [1, 4, 5, 9], [0, 1, 4, 5, 9], [2, 4, 5, 9], [0, 2, 4, 5, 9], [1, 2, 4, 5, 9], [0, 1, 2, 4, 5, 9], [3, 4, 5, 9], [0, 3, 4, 5, 9], [1, 3, 4, 5, 9], [0, 1, 3, 4, 5, 9], [2, 3, 4, 5, 9], [0, 2, 3, 4, 5, 9], [1, 2, 3, 4, 5, 9], [0, 1, 2, 3, 4, 5, 9], [6, 9], [0, 6, 9], [1, 6, 9], [0, 1, 6, 9], [2, 6, 9], [0, 2, 6, 9], [1, 2, 6, 9], [0, 1, 2, 6, 9], [3, 6, 9], [0, 3, 6, 9], [1, 3, 6, 9], [0, 1, 3, 6, 9], [2, 3, 6, 9], [0, 2, 3, 6, 9], [1, 2, 3, 6, 9], [0, 1, 2, 3, 6, 9], [4, 6, 9], [0, 4, 6, 9], [1, 4, 6, 9], [0, 1, 4, 6, 9], [2, 4, 6, 9], [0, 2, 4, 6, 9], [1, 2, 4, 6, 9], [0, 1, 2, 4, 6, 9], [3, 4, 6, 9], [0, 3, 4, 6, 9], [1, 3, 4, 6, 9], [0, 1, 3, 4, 6, 9], [2, 3, 4, 6, 9], [0, 2, 3, 4, 6, 9], [1, 2, 3, 4, 6, 9], [0, 1, 2, 3, 4, 6, 9], [5, 6, 9], [0, 5, 6, 9], [1, 5, 6, 9], [0, 1, 5, 6, 9], [2, 5, 6, 9], [0, 2, 5, 6, 9], [1, 2, 5, 6, 9], [0, 1, 2, 5, 6, 9], [3, 5, 6, 9], [0, 3, 5, 6, 9], [1, 3, 5, 6, 9], [0, 1, 3, 5, 6, 9], [2, 3, 5, 6, 9], [0, 2, 3, 5, 6, 9], [1, 2, 3, 5, 6, 9], [0, 1, 2, 3, 5, 6, 9], [4, 5, 6, 9], [0, 4, 5, 6, 9], [1, 4, 5, 6, 9], [0, 1, 4, 5, 6, 9], [2, 4, 5, 6, 9], [0, 2, 4, 5, 6, 9], [1, 2, 4, 5, 6, 9], [0, 1, 2, 4, 5, 6, 9], [3, 4, 5, 6, 9], [0, 3, 4, 5, 6, 9], [1, 3, 4, 5, 6, 9], [0, 1, 3, 4, 5, 6, 9], [2, 3, 4, 5, 6, 9], [0, 2, 3, 4, 5, 6, 9], [1, 2, 3, 4, 5, 6, 9], [0, 1, 2, 3, 4, 5, 6, 9], [7, 9], [0, 7, 9], [1, 7, 9], [0, 1, 7, 9], [2, 7, 9], [0, 2, 7, 9], [1, 2, 7, 9], [0, 1, 2, 7, 9], [3, 7, 9], [0, 3, 7, 9], [1, 3, 7, 9], [0, 1, 3, 7, 9], [2, 3, 7, 9], [0, 2, 3, 7, 9], [1, 2, 3, 7, 9], [0, 1, 2, 3, 7, 9], [4, 7, 9], [0, 4, 7, 9], [1, 4, 7, 9], [0, 1, 4, 7, 9], [2, 4, 7, 9], [0, 2, 4, 7, 9], [1, 2, 4, 7, 9], [0, 1, 2, 4, 7, 9], [3, 4, 7, 9], [0, 3, 4, 7, 9], [1, 3, 4, 7, 9], [0, 1, 3, 4, 7, 9], [2, 3, 4, 7, 9], [0, 2, 3, 4, 7, 9], [1, 2, 3, 4, 7, 9], [0, 1, 2, 3, 4, 7, 9], [5, 7, 9], [0, 5, 7, 9], [1, 5, 7, 9], [0, 1, 5, 7, 9], [2, 5, 7, 9], [0, 2, 5, 7, 9], [1, 2, 5, 7, 9], [0, 1, 2, 5, 7, 9], [3, 5, 7, 9], [0, 3, 5, 7, 9], [1, 3, 5, 7, 9], [0, 1, 3, 5, 7, 9], [2, 3, 5, 7, 9], [0, 2, 3, 5, 7, 9], [1, 2, 3, 5, 7, 9], [0, 1, 2, 3, 5, 7, 9], [4, 5, 7, 9], [0, 4, 5, 7, 9], [1, 4, 5, 7, 9], [0, 1, 4, 5, 7, 9], [2, 4, 5, 7, 9], [0, 2, 4, 5, 7, 9], [1, 2, 4, 5, 7, 9], [0, 1, 2, 4, 5, 7, 9], [3, 4, 5, 7, 9], [0, 3, 4, 5, 7, 9], [1, 3, 4, 5, 7, 9], [0, 1, 3, 4, 5, 7, 9], [2, 3, 4, 5, 7, 9], [0, 2, 3, 4, 5, 7, 9], [1, 2, 3, 4, 5, 7, 9], [0, 1, 2, 3, 4, 5, 7, 9], [6, 7, 9], [0, 6, 7, 9], [1, 6, 7, 9], [0, 1, 6, 7, 9], [2, 6, 7, 9], [0, 2, 6, 7, 9], [1, 2, 6, 7, 9], [0, 1, 2, 6, 7, 9], [3, 6, 7, 9], [0, 3, 6, 7, 9], [1, 3, 6, 7, 9], [0, 1, 3, 6, 7, 9], [2, 3, 6, 7, 9], [0, 2, 3, 6, 7, 9], [1, 2, 3, 6, 7, 9], [0, 1, 2, 3, 6, 7, 9], [4, 6, 7, 9], [0, 4, 6, 7, 9], [1, 4, 6, 7, 9], [0, 1, 4, 6, 7, 9], [2, 4, 6, 7, 9], [0, 2, 4, 6, 7, 9], [1, 2, 4, 6, 7, 9], [0, 1, 2, 4, 6, 7, 9], [3, 4, 6, 7, 9], [0, 3, 4, 6, 7, 9], [1, 3, 4, 6, 7, 9], [0, 1, 3, 4, 6, 7, 9], [2, 3, 4, 6, 7, 9], [0, 2, 3, 4, 6, 7, 9], [1, 2, 3, 4, 6, 7, 9], [0, 1, 2, 3, 4, 6, 7, 9], [5, 6, 7, 9], [0, 5, 6, 7, 9], [1, 5, 6, 7, 9], [0, 1, 5, 6, 7, 9], [2, 5, 6, 7, 9], [0, 2, 5, 6, 7, 9], [1, 2, 5, 6, 7, 9], [0, 1, 2, 5, 6, 7, 9], [3, 5, 6, 7, 9], [0, 3, 5, 6, 7, 9], [1, 3, 5, 6, 7, 9], [0, 1, 3, 5, 6, 7, 9], [2, 3, 5, 6, 7, 9], [0, 2, 3, 5, 6, 7, 9], [1, 2, 3, 5, 6, 7, 9], [0, 1, 2, 3, 5, 6, 7, 9], [4, 5, 6, 7, 9], [0, 4, 5, 6, 7, 9], [1, 4, 5, 6, 7, 9], [0, 1, 4, 5, 6, 7, 9], [2, 4, 5, 6, 7, 9], [0, 2, 4, 5, 6, 7, 9], [1, 2, 4, 5, 6, 7, 9], [0, 1, 2, 4, 5, 6, 7, 9], [3, 4, 5, 6, 7, 9], [0, 3, 4, 5, 6, 7, 9], [1, 3, 4, 5, 6, 7, 9], [0, 1, 3, 4, 5, 6, 7, 9], [2, 3, 4, 5, 6, 7, 9], [0, 2, 3, 4, 5, 6, 7, 9], [1, 2, 3, 4, 5, 6, 7, 9], [0, 1, 2, 3, 4, 5, 6, 7, 9], [8, 9], [0, 8, 9], [1, 8, 9], [0, 1, 8, 9], [2, 8, 9], [0, 2, 8, 9], [1, 2, 8, 9], [0, 1, 2, 8, 9], [3, 8, 9], [0, 3, 8, 9], [1, 3, 8, 9], [0, 1, 3, 8, 9], [2, 3, 8, 9], [0, 2, 3, 8, 9], [1, 2, 3, 8, 9], [0, 1, 2, 3, 8, 9], [4, 8, 9], [0, 4, 8, 9], [1, 4, 8, 9], [0, 1, 4, 8, 9], [2, 4, 8, 9], [0, 2, 4, 8, 9], [1, 2, 4, 8, 9], [0, 1, 2, 4, 8, 9], [3, 4, 8, 9], [0, 3, 4, 8, 9], [1, 3, 4, 8, 9], [0, 1, 3, 4, 8, 9], [2, 3, 4, 8, 9], [0, 2, 3, 4, 8, 9], [1, 2, 3, 4, 8, 9], [0, 1, 2, 3, 4, 8, 9], [5, 8, 9], [0, 5, 8, 9], [1, 5, 8, 9], [0, 1, 5, 8, 9], [2, 5, 8, 9], [0, 2, 5, 8, 9], [1, 2, 5, 8, 9], [0, 1, 2, 5, 8, 9], [3, 5, 8, 9], [0, 3, 5, 8, 9], [1, 3, 5, 8, 9], [0, 1, 3, 5, 8, 9], [2, 3, 5, 8, 9], [0, 2, 3, 5, 8, 9], [1, 2, 3, 5, 8, 9], [0, 1, 2, 3, 5, 8, 9], [4, 5, 8, 9], [0, 4, 5, 8, 9], [1, 4, 5, 8, 9], [0, 1, 4, 5, 8, 9], [2, 4, 5, 8, 9], [0, 2, 4, 5, 8, 9], [1, 2, 4, 5, 8, 9], [0, 1, 2, 4, 5, 8, 9], [3, 4, 5, 8, 9], [0, 3, 4, 5, 8, 9], [1, 3, 4, 5, 8, 9], [0, 1, 3, 4, 5, 8, 9], [2, 3, 4, 5, 8, 9], [0, 2, 3, 4, 5, 8, 9], [1, 2, 3, 4, 5, 8, 9], [0, 1, 2, 3, 4, 5, 8, 9], [6, 8, 9], [0, 6, 8, 9], [1, 6, 8, 9], [0, 1, 6, 8, 9], [2, 6, 8, 9], [0, 2, 6, 8, 9], [1, 2, 6, 8, 9], [0, 1, 2, 6, 8, 9], [3, 6, 8, 9], [0, 3, 6, 8, 9], [1, 3, 6, 8, 9], [0, 1, 3, 6, 8, 9], [2, 3, 6, 8, 9], [0, 2, 3, 6, 8, 9], [1, 2, 3, 6, 8, 9], [0, 1, 2, 3, 6, 8, 9], [4, 6, 8, 9], [0, 4, 6, 8, 9], [1, 4, 6, 8, 9], [0, 1, 4, 6, 8, 9], [2, 4, 6, 8, 9], [0, 2, 4, 6, 8, 9], [1, 2, 4, 6, 8, 9], [0, 1, 2, 4, 6, 8, 9], [3, 4, 6, 8, 9], [0, 3, 4, 6, 8, 9], [1, 3, 4, 6, 8, 9], [0, 1, 3, 4, 6, 8, 9], [2, 3, 4, 6, 8, 9], [0, 2, 3, 4, 6, 8, 9], [1, 2, 3, 4, 6, 8, 9], [0, 1, 2, 3, 4, 6, 8, 9], [5, 6, 8, 9], [0, 5, 6, 8, 9], [1, 5, 6, 8, 9], [0, 1, 5, 6, 8, 9], [2, 5, 6, 8, 9], [0, 2, 5, 6, 8, 9], [1, 2, 5, 6, 8, 9], [0, 1, 2, 5, 6, 8, 9], [3, 5, 6, 8, 9], [0, 3, 5, 6, 8, 9], [1, 3, 5, 6, 8, 9], [0, 1, 3, 5, 6, 8, 9], [2, 3, 5, 6, 8, 9], [0, 2, 3, 5, 6, 8, 9], [1, 2, 3, 5, 6, 8, 9], [0, 1, 2, 3, 5, 6, 8, 9], [4, 5, 6, 8, 9], [0, 4, 5, 6, 8, 9], [1, 4, 5, 6, 8, 9], [0, 1, 4, 5, 6, 8, 9], [2, 4, 5, 6, 8, 9], [0, 2, 4, 5, 6, 8, 9], [1, 2, 4, 5, 6, 8, 9], [0, 1, 2, 4, 5, 6, 8, 9], [3, 4, 5, 6, 8, 9], [0, 3, 4, 5, 6, 8, 9], [1, 3, 4, 5, 6, 8, 9], [0, 1, 3, 4, 5, 6, 8, 9], [2, 3, 4, 5, 6, 8, 9], [0, 2, 3, 4, 5, 6, 8, 9], [1, 2, 3, 4, 5, 6, 8, 9], [0, 1, 2, 3, 4, 5, 6, 8, 9], [7, 8, 9], [0, 7, 8, 9], [1, 7, 8, 9], [0, 1, 7, 8, 9], [2, 7, 8, 9], [0, 2, 7, 8, 9], [1, 2, 7, 8, 9], [0, 1, 2, 7, 8, 9], [3, 7, 8, 9], [0, 3, 7, 8, 9], [1, 3, 7, 8, 9], [0, 1, 3, 7, 8, 9], [2, 3, 7, 8, 9], [0, 2, 3, 7, 8, 9], [1, 2, 3, 7, 8, 9], [0, 1, 2, 3, 7, 8, 9], [4, 7, 8, 9], [0, 4, 7, 8, 9], [1, 4, 7, 8, 9], [0, 1, 4, 7, 8, 9], [2, 4, 7, 8, 9], [0, 2, 4, 7, 8, 9], [1, 2, 4, 7, 8, 9], [0, 1, 2, 4, 7, 8, 9], [3, 4, 7, 8, 9], [0, 3, 4, 7, 8, 9], [1, 3, 4, 7, 8, 9], [0, 1, 3, 4, 7, 8, 9], [2, 3, 4, 7, 8, 9], [0, 2, 3, 4, 7, 8, 9], [1, 2, 3, 4, 7, 8, 9], [0, 1, 2, 3, 4, 7, 8, 9], [5, 7, 8, 9], [0, 5, 7, 8, 9], [1, 5, 7, 8, 9], [0, 1, 5, 7, 8, 9], [2, 5, 7, 8, 9], [0, 2, 5, 7, 8, 9], [1, 2, 5, 7, 8, 9], [0, 1, 2, 5, 7, 8, 9], [3, 5, 7, 8, 9], [0, 3, 5, 7, 8, 9], [1, 3, 5, 7, 8, 9], [0, 1, 3, 5, 7, 8, 9], [2, 3, 5, 7, 8, 9], [0, 2, 3, 5, 7, 8, 9], [1, 2, 3, 5, 7, 8, 9], [0, 1, 2, 3, 5, 7, 8, 9], [4, 5, 7, 8, 9], [0, 4, 5, 7, 8, 9], [1, 4, 5, 7, 8, 9], [0, 1, 4, 5, 7, 8, 9], [2, 4, 5, 7, 8, 9], [0, 2, 4, 5, 7, 8, 9], [1, 2, 4, 5, 7, 8, 9], [0, 1, 2, 4, 5, 7, 8, 9], [3, 4, 5, 7, 8, 9], [0, 3, 4, 5, 7, 8, 9], [1, 3, 4, 5, 7, 8, 9], [0, 1, 3, 4, 5, 7, 8, 9], [2, 3, 4, 5, 7, 8, 9], [0, 2, 3, 4, 5, 7, 8, 9], [1, 2, 3, 4, 5, 7, 8, 9], [0, 1, 2, 3, 4, 5, 7, 8, 9], [6, 7, 8, 9], [0, 6, 7, 8, 9], [1, 6, 7, 8, 9], [0, 1, 6, 7, 8, 9], [2, 6, 7, 8, 9], [0, 2, 6, 7, 8, 9], [1, 2, 6, 7, 8, 9], [0, 1, 2, 6, 7, 8, 9], [3, 6, 7, 8, 9], [0, 3, 6, 7, 8, 9], [1, 3, 6, 7, 8, 9], [0, 1, 3, 6, 7, 8, 9], [2, 3, 6, 7, 8, 9], [0, 2, 3, 6, 7, 8, 9], [1, 2, 3, 6, 7, 8, 9], [0, 1, 2, 3, 6, 7, 8, 9], [4, 6, 7, 8, 9], [0, 4, 6, 7, 8, 9], [1, 4, 6, 7, 8, 9], [0, 1, 4, 6, 7, 8, 9], [2, 4, 6, 7, 8, 9], [0, 2, 4, 6, 7, 8, 9], [1, 2, 4, 6, 7, 8, 9], [0, 1, 2, 4, 6, 7, 8, 9], [3, 4, 6, 7, 8, 9], [0, 3, 4, 6, 7, 8, 9], [1, 3, 4, 6, 7, 8, 9], [0, 1, 3, 4, 6, 7, 8, 9], [2, 3, 4, 6, 7, 8, 9], [0, 2, 3, 4, 6, 7, 8, 9], [1, 2, 3, 4, 6, 7, 8, 9], [0, 1, 2, 3, 4, 6, 7, 8, 9], [5, 6, 7, 8, 9], [0, 5, 6, 7, 8, 9], [1, 5, 6, 7, 8, 9], [0, 1, 5, 6, 7, 8, 9], [2, 5, 6, 7, 8, 9], [0, 2, 5, 6, 7, 8, 9], [1, 2, 5, 6, 7, 8, 9], [0, 1, 2, 5, 6, 7, 8, 9], [3, 5, 6, 7, 8, 9], [0, 3, 5, 6, 7, 8, 9], [1, 3, 5, 6, 7, 8, 9], [0, 1, 3, 5, 6, 7, 8, 9], [2, 3, 5, 6, 7, 8, 9], [0, 2, 3, 5, 6, 7, 8, 9], [1, 2, 3, 5, 6, 7, 8, 9], [0, 1, 2, 3, 5, 6, 7, 8, 9], [4, 5, 6, 7, 8, 9], [0, 4, 5, 6, 7, 8, 9], [1, 4, 5, 6, 7, 8, 9], [0, 1, 4, 5, 6, 7, 8, 9], [2, 4, 5, 6, 7, 8, 9], [0, 2, 4, 5, 6, 7, 8, 9], [1, 2, 4, 5, 6, 7, 8, 9], [0, 1, 2, 4, 5, 6, 7, 8, 9], [3, 4, 5, 6, 7, 8, 9], [0, 3, 4, 5, 6, 7, 8, 9], [1, 3, 4, 5, 6, 7, 8, 9], [0, 1, 3, 4, 5, 6, 7, 8, 9], [2, 3, 4, 5, 6, 7, 8, 9], [0, 2, 3, 4, 5, 6, 7, 8, 9], [1, 2, 3, 4, 5, 6, 7, 8, 9], [0, 1, 2, 3, 4, 5, 6, 7, 8, 9]]
Vertex cover: [0, 1, 4, 5, 6, 7, 8]
 Execution Time (in milliseconds): 9.189367294311523
========== INPUT 5 ==========
No. of Vertices: 10
No.of edges: 30
Original vertices: [0, 1, 2, 3, 4, 5, 6, 7, 8, 9]
Shuffled vertices:[7, 4, 6, 0, 1, 9, 2, 3, 8, 5]
Edges: [(4, 7), (6, 7), (0, 6), (1, 6), (9, 1), (2, 1), (3, 1), (8, 7), (5, 0), (7, 1), (9, 3), (4, 9), (4, 2), (4, 8), (0, 8), (3, 5), (5, 6), (8, 9), (4, 3), (5, 8), (7, 5), (7, 9), (5, 2), (6, 3), (5, 1), (0, 7), (9, 5), (9, 2), (9, 0), (8, 2)]
Power set: [[], [0], [1], [0, 1], [2], [0, 2], [1, 2], [0, 1, 2], [3], [0, 3], [1, 3], [0, 1, 3], [2, 3], [0, 2, 3], [1, 2, 3], [0, 1, 2, 3], [4], [0, 4], [1, 4], [0, 1, 4], [2, 4], [0, 2, 4], [1, 2, 4], [0, 1, 2, 4], [3, 4], [0, 3, 4], [1, 3, 4], [0, 1, 3, 4], [2, 3, 4], [0, 2, 3, 4], [1, 2, 3, 4], [0, 1, 2, 3, 4], [5], [0, 5], [1, 5], [0, 1, 5], [2, 5], [0, 2, 5], [1, 2, 5], [0, 1, 2, 5], [3, 5], [0, 3, 5], [1, 3, 5], [0, 1, 3, 5], [2, 3, 5], [0, 2, 3, 5], [1, 2, 3, 5], [0, 1, 2, 3, 5], [4, 5], [0, 4, 5], [1, 4, 5], [0, 1, 4, 5], [2, 4, 5], [0, 2, 4, 5], [1, 2, 4, 5], [0, 1, 2, 4, 5], [3, 4, 5], [0, 3, 4, 5], [1, 3, 4, 5], [0, 1, 3, 4, 5], [2, 3, 4, 5], [0, 2, 3, 4, 5], [1, 2, 3, 4, 5], [0, 1, 2, 3, 4, 5], [6], [0, 6], [1, 6], [0, 1, 6], [2, 6], [0, 2, 6], [1, 2, 6], [0, 1, 2, 6], [3, 6], [0, 3, 6], [1, 3, 6], [0, 1, 3, 6], [2, 3, 6], [0, 2, 3, 6], [1, 2, 3, 6], [0, 1, 2, 3, 6], [4, 6], [0, 4, 6], [1, 4, 6], [0, 1, 4, 6], [2, 4, 6], [0, 2, 4, 6], [1, 2, 4, 6], [0, 1, 2, 4, 6], [3, 4, 6], [0, 3, 4, 6], [1, 3, 4, 6], [0, 1, 3, 4, 6], [2, 3, 4, 6], [0, 2, 3, 4, 6], [1, 2, 3, 4, 6], [0, 1, 2, 3, 4, 6], [5, 6], [0, 5, 6], [1, 5, 6], [0, 1, 5, 6], [2, 5, 6], [0, 2, 5, 6], [1, 2, 5, 6], [0, 1, 2, 5, 6], [3, 5, 6], [0, 3, 5, 6], [1, 3, 5, 6], [0, 1, 3, 5, 6], [2, 3, 5, 6], [0, 2, 3, 5, 6], [1, 2, 3, 5, 6], [0, 1, 2, 3, 5, 6], [4, 5, 6], [0, 4, 5, 6], [1, 4, 5, 6], [0, 1, 4, 5, 6], [2, 4, 5, 6], [0, 2, 4, 5, 6], [1, 2, 4, 5, 6], [0, 1, 2, 4, 5, 6], [3, 4, 5, 6], [0, 3, 4, 5, 6], [1, 3, 4, 5, 6], [0, 1, 3, 4, 5, 6], [2, 3, 4, 5, 6], [0, 2, 3, 4, 5, 6], [1, 2, 3, 4, 5, 6], [0, 1, 2, 3, 4, 5, 6], [7], [0, 7], [1, 7], [0, 1, 7], [2, 7], [0, 2, 7], [1, 2, 7], [0, 1, 2, 7], [3, 7], [0, 3, 7], [1, 3, 7], [0, 1, 3, 7], [2, 3, 7], [0, 2, 3, 7], [1, 2, 3, 7], [0, 1, 2, 3, 7], [4, 7], [0, 4, 7], [1, 4, 7], [0, 1, 4, 7], [2, 4, 7], [0, 2, 4, 7], [1, 2, 4, 7], [0, 1, 2, 4, 7], [3, 4, 7], [0, 3, 4, 7], [1, 3, 4, 7], [0, 1, 3, 4, 7], [2, 3, 4, 7], [0, 2, 3, 4, 7], [1, 2, 3, 4, 7], [0, 1, 2, 3, 4, 7], [5, 7], [0, 5, 7], [1, 5, 7], [0, 1, 5, 7], [2, 5, 7], [0, 2, 5, 7], [1, 2, 5, 7], [0, 1, 2, 5, 7], [3, 5, 7], [0, 3, 5, 7], [1, 3, 5, 7], [0, 1, 3, 5, 7], [2, 3, 5, 7], [0, 2, 3, 5, 7], [1, 2, 3, 5, 7], [0, 1, 2, 3, 5, 7], [4, 5, 7], [0, 4, 5, 7], [1, 4, 5, 7], [0, 1, 4, 5, 7], [2, 4, 5, 7], [0, 2, 4, 5, 7], [1, 2, 4, 5, 7], [0, 1, 2, 4, 5, 7], [3, 4, 5, 7], [0, 3, 4, 5, 7], [1, 3, 4, 5, 7], [0, 1, 3, 4, 5, 7], [2, 3, 4, 5, 7], [0, 2, 3, 4, 5, 7], [1, 2, 3, 4, 5, 7], [0, 1, 2, 3, 4, 5, 7], [6, 7], [0, 6, 7], [1, 6, 7], [0, 1, 6, 7], [2, 6, 7], [0, 2, 6, 7], [1, 2, 6, 7], [0, 1, 2, 6, 7], [3, 6, 7], [0, 3, 6, 7], [1, 3, 6, 7], [0, 1, 3, 6, 7], [2, 3, 6, 7], [0, 2, 3, 6, 7], [1, 2, 3, 6, 7], [0, 1, 2, 3, 6, 7], [4, 6, 7], [0, 4, 6, 7], [1, 4, 6, 7], [0, 1, 4, 6, 7], [2, 4, 6, 7], [0, 2, 4, 6, 7], [1, 2, 4, 6, 7], [0, 1, 2, 4, 6, 7], [3, 4, 6, 7], [0, 3, 4, 6, 7], [1, 3, 4, 6, 7], [0, 1, 3, 4, 6, 7], [2, 3, 4, 6, 7], [0, 2, 3, 4, 6, 7], [1, 2, 3, 4, 6, 7], [0, 1, 2, 3, 4, 6, 7], [5, 6, 7], [0, 5, 6, 7], [1, 5, 6, 7], [0, 1, 5, 6, 7], [2, 5, 6, 7], [0, 2, 5, 6, 7], [1, 2, 5, 6, 7], [0, 1, 2, 5, 6, 7], [3, 5, 6, 7], [0, 3, 5, 6, 7], [1, 3, 5, 6, 7], [0, 1, 3, 5, 6, 7], [2, 3, 5, 6, 7], [0, 2, 3, 5, 6, 7], [1, 2, 3, 5, 6, 7], [0, 1, 2, 3, 5, 6, 7], [4, 5, 6, 7], [0, 4, 5, 6, 7], [1, 4, 5, 6, 7], [0, 1, 4, 5, 6, 7], [2, 4, 5, 6, 7], [0, 2, 4, 5, 6, 7], [1, 2, 4, 5, 6, 7], [0, 1, 2, 4, 5, 6, 7], [3, 4, 5, 6, 7], [0, 3, 4, 5, 6, 7], [1, 3, 4, 5, 6, 7], [0, 1, 3, 4, 5, 6, 7], [2, 3, 4, 5, 6, 7], [0, 2, 3, 4, 5, 6, 7], [1, 2, 3, 4, 5, 6, 7], [0, 1, 2, 3, 4, 5, 6, 7], [8], [0, 8], [1, 8], [0, 1, 8], [2, 8], [0, 2, 8], [1, 2, 8], [0, 1, 2, 8], [3, 8], [0, 3, 8], [1, 3, 8], [0, 1, 3, 8], [2, 3, 8], [0, 2, 3, 8], [1, 2, 3, 8], [0, 1, 2, 3, 8], [4, 8], [0, 4, 8], [1, 4, 8], [0, 1, 4, 8], [2, 4, 8], [0, 2, 4, 8], [1, 2, 4, 8], [0, 1, 2, 4, 8], [3, 4, 8], [0, 3, 4, 8], [1, 3, 4, 8], [0, 1, 3, 4, 8], [2, 3, 4, 8], [0, 2, 3, 4, 8], [1, 2, 3, 4, 8], [0, 1, 2, 3, 4, 8], [5, 8], [0, 5, 8], [1, 5, 8], [0, 1, 5, 8], [2, 5, 8], [0, 2, 5, 8], [1, 2, 5, 8], [0, 1, 2, 5, 8], [3, 5, 8], [0, 3, 5, 8], [1, 3, 5, 8], [0, 1, 3, 5, 8], [2, 3, 5, 8], [0, 2, 3, 5, 8], [1, 2, 3, 5, 8], [0, 1, 2, 3, 5, 8], [4, 5, 8], [0, 4, 5, 8], [1, 4, 5, 8], [0, 1, 4, 5, 8], [2, 4, 5, 8], [0, 2, 4, 5, 8], [1, 2, 4, 5, 8], [0, 1, 2, 4, 5, 8], [3, 4, 5, 8], [0, 3, 4, 5, 8], [1, 3, 4, 5, 8], [0, 1, 3, 4, 5, 8], [2, 3, 4, 5, 8], [0, 2, 3, 4, 5, 8], [1, 2, 3, 4, 5, 8], [0, 1, 2, 3, 4, 5, 8], [6, 8], [0, 6, 8], [1, 6, 8], [0, 1, 6, 8], [2, 6, 8], [0, 2, 6, 8], [1, 2, 6, 8], [0, 1, 2, 6, 8], [3, 6, 8], [0, 3, 6, 8], [1, 3, 6, 8], [0, 1, 3, 6, 8], [2, 3, 6, 8], [0, 2, 3, 6, 8], [1, 2, 3, 6, 8], [0, 1, 2, 3, 6, 8], [4, 6, 8], [0, 4, 6, 8], [1, 4, 6, 8], [0, 1, 4, 6, 8], [2, 4, 6, 8], [0, 2, 4, 6, 8], [1, 2, 4, 6, 8], [0, 1, 2, 4, 6, 8], [3, 4, 6, 8], [0, 3, 4, 6, 8], [1, 3, 4, 6, 8], [0, 1, 3, 4, 6, 8], [2, 3, 4, 6, 8], [0, 2, 3, 4, 6, 8], [1, 2, 3, 4, 6, 8], [0, 1, 2, 3, 4, 6, 8], [5, 6, 8], [0, 5, 6, 8], [1, 5, 6, 8], [0, 1, 5, 6, 8], [2, 5, 6, 8], [0, 2, 5, 6, 8], [1, 2, 5, 6, 8], [0, 1, 2, 5, 6, 8], [3, 5, 6, 8], [0, 3, 5, 6, 8], [1, 3, 5, 6, 8], [0, 1, 3, 5, 6, 8], [2, 3, 5, 6, 8], [0, 2, 3, 5, 6, 8], [1, 2, 3, 5, 6, 8], [0, 1, 2, 3, 5, 6, 8], [4, 5, 6, 8], [0, 4, 5, 6, 8], [1, 4, 5, 6, 8], [0, 1, 4, 5, 6, 8], [2, 4, 5, 6, 8], [0, 2, 4, 5, 6, 8], [1, 2, 4, 5, 6, 8], [0, 1, 2, 4, 5, 6, 8], [3, 4, 5, 6, 8], [0, 3, 4, 5, 6, 8], [1, 3, 4, 5, 6, 8], [0, 1, 3, 4, 5, 6, 8], [2, 3, 4, 5, 6, 8], [0, 2, 3, 4, 5, 6, 8], [1, 2, 3, 4, 5, 6, 8], [0, 1, 2, 3, 4, 5, 6, 8], [7, 8], [0, 7, 8], [1, 7, 8], [0, 1, 7, 8], [2, 7, 8], [0, 2, 7, 8], [1, 2, 7, 8], [0, 1, 2, 7, 8], [3, 7, 8], [0, 3, 7, 8], [1, 3, 7, 8], [0, 1, 3, 7, 8], [2, 3, 7, 8], [0, 2, 3, 7, 8], [1, 2, 3, 7, 8], [0, 1, 2, 3, 7, 8], [4, 7, 8], [0, 4, 7, 8], [1, 4, 7, 8], [0, 1, 4, 7, 8], [2, 4, 7, 8], [0, 2, 4, 7, 8], [1, 2, 4, 7, 8], [0, 1, 2, 4, 7, 8], [3, 4, 7, 8], [0, 3, 4, 7, 8], [1, 3, 4, 7, 8], [0, 1, 3, 4, 7, 8], [2, 3, 4, 7, 8], [0, 2, 3, 4, 7, 8], [1, 2, 3, 4, 7, 8], [0, 1, 2, 3, 4, 7, 8], [5, 7, 8], [0, 5, 7, 8], [1, 5, 7, 8], [0, 1, 5, 7, 8], [2, 5, 7, 8], [0, 2, 5, 7, 8], [1, 2, 5, 7, 8], [0, 1, 2, 5, 7, 8], [3, 5, 7, 8], [0, 3, 5, 7, 8], [1, 3, 5, 7, 8], [0, 1, 3, 5, 7, 8], [2, 3, 5, 7, 8], [0, 2, 3, 5, 7, 8], [1, 2, 3, 5, 7, 8], [0, 1, 2, 3, 5, 7, 8], [4, 5, 7, 8], [0, 4, 5, 7, 8], [1, 4, 5, 7, 8], [0, 1, 4, 5, 7, 8], [2, 4, 5, 7, 8], [0, 2, 4, 5, 7, 8], [1, 2, 4, 5, 7, 8], [0, 1, 2, 4, 5, 7, 8], [3, 4, 5, 7, 8], [0, 3, 4, 5, 7, 8], [1, 3, 4, 5, 7, 8], [0, 1, 3, 4, 5, 7, 8], [2, 3, 4, 5, 7, 8], [0, 2, 3, 4, 5, 7, 8], [1, 2, 3, 4, 5, 7, 8], [0, 1, 2, 3, 4, 5, 7, 8], [6, 7, 8], [0, 6, 7, 8], [1, 6, 7, 8], [0, 1, 6, 7, 8], [2, 6, 7, 8], [0, 2, 6, 7, 8], [1, 2, 6, 7, 8], [0, 1, 2, 6, 7, 8], [3, 6, 7, 8], [0, 3, 6, 7, 8], [1, 3, 6, 7, 8], [0, 1, 3, 6, 7, 8], [2, 3, 6, 7, 8], [0, 2, 3, 6, 7, 8], [1, 2, 3, 6, 7, 8], [0, 1, 2, 3, 6, 7, 8], [4, 6, 7, 8], [0, 4, 6, 7, 8], [1, 4, 6, 7, 8], [0, 1, 4, 6, 7, 8], [2, 4, 6, 7, 8], [0, 2, 4, 6, 7, 8], [1, 2, 4, 6, 7, 8], [0, 1, 2, 4, 6, 7, 8], [3, 4, 6, 7, 8], [0, 3, 4, 6, 7, 8], [1, 3, 4, 6, 7, 8], [0, 1, 3, 4, 6, 7, 8], [2, 3, 4, 6, 7, 8], [0, 2, 3, 4, 6, 7, 8], [1, 2, 3, 4, 6, 7, 8], [0, 1, 2, 3, 4, 6, 7, 8], [5, 6, 7, 8], [0, 5, 6, 7, 8], [1, 5, 6, 7, 8], [0, 1, 5, 6, 7, 8], [2, 5, 6, 7, 8], [0, 2, 5, 6, 7, 8], [1, 2, 5, 6, 7, 8], [0, 1, 2, 5, 6, 7, 8], [3, 5, 6, 7, 8], [0, 3, 5, 6, 7, 8], [1, 3, 5, 6, 7, 8], [0, 1, 3, 5, 6, 7, 8], [2, 3, 5, 6, 7, 8], [0, 2, 3, 5, 6, 7, 8], [1, 2, 3, 5, 6, 7, 8], [0, 1, 2, 3, 5, 6, 7, 8], [4, 5, 6, 7, 8], [0, 4, 5, 6, 7, 8], [1, 4, 5, 6, 7, 8], [0, 1, 4, 5, 6, 7, 8], [2, 4, 5, 6, 7, 8], [0, 2, 4, 5, 6, 7, 8], [1, 2, 4, 5, 6, 7, 8], [0, 1, 2, 4, 5, 6, 7, 8], [3, 4, 5, 6, 7, 8], [0, 3, 4, 5, 6, 7, 8], [1, 3, 4, 5, 6, 7, 8], [0, 1, 3, 4, 5, 6, 7, 8], [2, 3, 4, 5, 6, 7, 8], [0, 2, 3, 4, 5, 6, 7, 8], [1, 2, 3, 4, 5, 6, 7, 8], [0, 1, 2, 3, 4, 5, 6, 7, 8], [9], [0, 9], [1, 9], [0, 1, 9], [2, 9], [0, 2, 9], [1, 2, 9], [0, 1, 2, 9], [3, 9], [0, 3, 9], [1, 3, 9], [0, 1, 3, 9], [2, 3, 9], [0, 2, 3, 9], [1, 2, 3, 9], [0, 1, 2, 3, 9], [4, 9], [0, 4, 9], [1, 4, 9], [0, 1, 4, 9], [2, 4, 9], [0, 2, 4, 9], [1, 2, 4, 9], [0, 1, 2, 4, 9], [3, 4, 9], [0, 3, 4, 9], [1, 3, 4, 9], [0, 1, 3, 4, 9], [2, 3, 4, 9], [0, 2, 3, 4, 9], [1, 2, 3, 4, 9], [0, 1, 2, 3, 4, 9], [5, 9], [0, 5, 9], [1, 5, 9], [0, 1, 5, 9], [2, 5, 9], [0, 2, 5, 9], [1, 2, 5, 9], [0, 1, 2, 5, 9], [3, 5, 9], [0, 3, 5, 9], [1, 3, 5, 9], [0, 1, 3, 5, 9], [2, 3, 5, 9], [0, 2, 3, 5, 9], [1, 2, 3, 5, 9], [0, 1, 2, 3, 5, 9], [4, 5, 9], [0, 4, 5, 9], [1, 4, 5, 9], [0, 1, 4, 5, 9], [2, 4, 5, 9], [0, 2, 4, 5, 9], [1, 2, 4, 5, 9], [0, 1, 2, 4, 5, 9], [3, 4, 5, 9], [0, 3, 4, 5, 9], [1, 3, 4, 5, 9], [0, 1, 3, 4, 5, 9], [2, 3, 4, 5, 9], [0, 2, 3, 4, 5, 9], [1, 2, 3, 4, 5, 9], [0, 1, 2, 3, 4, 5, 9], [6, 9], [0, 6, 9], [1, 6, 9], [0, 1, 6, 9], [2, 6, 9], [0, 2, 6, 9], [1, 2, 6, 9], [0, 1, 2, 6, 9], [3, 6, 9], [0, 3, 6, 9], [1, 3, 6, 9], [0, 1, 3, 6, 9], [2, 3, 6, 9], [0, 2, 3, 6, 9], [1, 2, 3, 6, 9], [0, 1, 2, 3, 6, 9], [4, 6, 9], [0, 4, 6, 9], [1, 4, 6, 9], [0, 1, 4, 6, 9], [2, 4, 6, 9], [0, 2, 4, 6, 9], [1, 2, 4, 6, 9], [0, 1, 2, 4, 6, 9], [3, 4, 6, 9], [0, 3, 4, 6, 9], [1, 3, 4, 6, 9], [0, 1, 3, 4, 6, 9], [2, 3, 4, 6, 9], [0, 2, 3, 4, 6, 9], [1, 2, 3, 4, 6, 9], [0, 1, 2, 3, 4, 6, 9], [5, 6, 9], [0, 5, 6, 9], [1, 5, 6, 9], [0, 1, 5, 6, 9], [2, 5, 6, 9], [0, 2, 5, 6, 9], [1, 2, 5, 6, 9], [0, 1, 2, 5, 6, 9], [3, 5, 6, 9], [0, 3, 5, 6, 9], [1, 3, 5, 6, 9], [0, 1, 3, 5, 6, 9], [2, 3, 5, 6, 9], [0, 2, 3, 5, 6, 9], [1, 2, 3, 5, 6, 9], [0, 1, 2, 3, 5, 6, 9], [4, 5, 6, 9], [0, 4, 5, 6, 9], [1, 4, 5, 6, 9], [0, 1, 4, 5, 6, 9], [2, 4, 5, 6, 9], [0, 2, 4, 5, 6, 9], [1, 2, 4, 5, 6, 9], [0, 1, 2, 4, 5, 6, 9], [3, 4, 5, 6, 9], [0, 3, 4, 5, 6, 9], [1, 3, 4, 5, 6, 9], [0, 1, 3, 4, 5, 6, 9], [2, 3, 4, 5, 6, 9], [0, 2, 3, 4, 5, 6, 9], [1, 2, 3, 4, 5, 6, 9], [0, 1, 2, 3, 4, 5, 6, 9], [7, 9], [0, 7, 9], [1, 7, 9], [0, 1, 7, 9], [2, 7, 9], [0, 2, 7, 9], [1, 2, 7, 9], [0, 1, 2, 7, 9], [3, 7, 9], [0, 3, 7, 9], [1, 3, 7, 9], [0, 1, 3, 7, 9], [2, 3, 7, 9], [0, 2, 3, 7, 9], [1, 2, 3, 7, 9], [0, 1, 2, 3, 7, 9], [4, 7, 9], [0, 4, 7, 9], [1, 4, 7, 9], [0, 1, 4, 7, 9], [2, 4, 7, 9], [0, 2, 4, 7, 9], [1, 2, 4, 7, 9], [0, 1, 2, 4, 7, 9], [3, 4, 7, 9], [0, 3, 4, 7, 9], [1, 3, 4, 7, 9], [0, 1, 3, 4, 7, 9], [2, 3, 4, 7, 9], [0, 2, 3, 4, 7, 9], [1, 2, 3, 4, 7, 9], [0, 1, 2, 3, 4, 7, 9], [5, 7, 9], [0, 5, 7, 9], [1, 5, 7, 9], [0, 1, 5, 7, 9], [2, 5, 7, 9], [0, 2, 5, 7, 9], [1, 2, 5, 7, 9], [0, 1, 2, 5, 7, 9], [3, 5, 7, 9], [0, 3, 5, 7, 9], [1, 3, 5, 7, 9], [0, 1, 3, 5, 7, 9], [2, 3, 5, 7, 9], [0, 2, 3, 5, 7, 9], [1, 2, 3, 5, 7, 9], [0, 1, 2, 3, 5, 7, 9], [4, 5, 7, 9], [0, 4, 5, 7, 9], [1, 4, 5, 7, 9], [0, 1, 4, 5, 7, 9], [2, 4, 5, 7, 9], [0, 2, 4, 5, 7, 9], [1, 2, 4, 5, 7, 9], [0, 1, 2, 4, 5, 7, 9], [3, 4, 5, 7, 9], [0, 3, 4, 5, 7, 9], [1, 3, 4, 5, 7, 9], [0, 1, 3, 4, 5, 7, 9], [2, 3, 4, 5, 7, 9], [0, 2, 3, 4, 5, 7, 9], [1, 2, 3, 4, 5, 7, 9], [0, 1, 2, 3, 4, 5, 7, 9], [6, 7, 9], [0, 6, 7, 9], [1, 6, 7, 9], [0, 1, 6, 7, 9], [2, 6, 7, 9], [0, 2, 6, 7, 9], [1, 2, 6, 7, 9], [0, 1, 2, 6, 7, 9], [3, 6, 7, 9], [0, 3, 6, 7, 9], [1, 3, 6, 7, 9], [0, 1, 3, 6, 7, 9], [2, 3, 6, 7, 9], [0, 2, 3, 6, 7, 9], [1, 2, 3, 6, 7, 9], [0, 1, 2, 3, 6, 7, 9], [4, 6, 7, 9], [0, 4, 6, 7, 9], [1, 4, 6, 7, 9], [0, 1, 4, 6, 7, 9], [2, 4, 6, 7, 9], [0, 2, 4, 6, 7, 9], [1, 2, 4, 6, 7, 9], [0, 1, 2, 4, 6, 7, 9], [3, 4, 6, 7, 9], [0, 3, 4, 6, 7, 9], [1, 3, 4, 6, 7, 9], [0, 1, 3, 4, 6, 7, 9], [2, 3, 4, 6, 7, 9], [0, 2, 3, 4, 6, 7, 9], [1, 2, 3, 4, 6, 7, 9], [0, 1, 2, 3, 4, 6, 7, 9], [5, 6, 7, 9], [0, 5, 6, 7, 9], [1, 5, 6, 7, 9], [0, 1, 5, 6, 7, 9], [2, 5, 6, 7, 9], [0, 2, 5, 6, 7, 9], [1, 2, 5, 6, 7, 9], [0, 1, 2, 5, 6, 7, 9], [3, 5, 6, 7, 9], [0, 3, 5, 6, 7, 9], [1, 3, 5, 6, 7, 9], [0, 1, 3, 5, 6, 7, 9], [2, 3, 5, 6, 7, 9], [0, 2, 3, 5, 6, 7, 9], [1, 2, 3, 5, 6, 7, 9], [0, 1, 2, 3, 5, 6, 7, 9], [4, 5, 6, 7, 9], [0, 4, 5, 6, 7, 9], [1, 4, 5, 6, 7, 9], [0, 1, 4, 5, 6, 7, 9], [2, 4, 5, 6, 7, 9], [0, 2, 4, 5, 6, 7, 9], [1, 2, 4, 5, 6, 7, 9], [0, 1, 2, 4, 5, 6, 7, 9], [3, 4, 5, 6, 7, 9], [0, 3, 4, 5, 6, 7, 9], [1, 3, 4, 5, 6, 7, 9], [0, 1, 3, 4, 5, 6, 7, 9], [2, 3, 4, 5, 6, 7, 9], [0, 2, 3, 4, 5, 6, 7, 9], [1, 2, 3, 4, 5, 6, 7, 9], [0, 1, 2, 3, 4, 5, 6, 7, 9], [8, 9], [0, 8, 9], [1, 8, 9], [0, 1, 8, 9], [2, 8, 9], [0, 2, 8, 9], [1, 2, 8, 9], [0, 1, 2, 8, 9], [3, 8, 9], [0, 3, 8, 9], [1, 3, 8, 9], [0, 1, 3, 8, 9], [2, 3, 8, 9], [0, 2, 3, 8, 9], [1, 2, 3, 8, 9], [0, 1, 2, 3, 8, 9], [4, 8, 9], [0, 4, 8, 9], [1, 4, 8, 9], [0, 1, 4, 8, 9], [2, 4, 8, 9], [0, 2, 4, 8, 9], [1, 2, 4, 8, 9], [0, 1, 2, 4, 8, 9], [3, 4, 8, 9], [0, 3, 4, 8, 9], [1, 3, 4, 8, 9], [0, 1, 3, 4, 8, 9], [2, 3, 4, 8, 9], [0, 2, 3, 4, 8, 9], [1, 2, 3, 4, 8, 9], [0, 1, 2, 3, 4, 8, 9], [5, 8, 9], [0, 5, 8, 9], [1, 5, 8, 9], [0, 1, 5, 8, 9], [2, 5, 8, 9], [0, 2, 5, 8, 9], [1, 2, 5, 8, 9], [0, 1, 2, 5, 8, 9], [3, 5, 8, 9], [0, 3, 5, 8, 9], [1, 3, 5, 8, 9], [0, 1, 3, 5, 8, 9], [2, 3, 5, 8, 9], [0, 2, 3, 5, 8, 9], [1, 2, 3, 5, 8, 9], [0, 1, 2, 3, 5, 8, 9], [4, 5, 8, 9], [0, 4, 5, 8, 9], [1, 4, 5, 8, 9], [0, 1, 4, 5, 8, 9], [2, 4, 5, 8, 9], [0, 2, 4, 5, 8, 9], [1, 2, 4, 5, 8, 9], [0, 1, 2, 4, 5, 8, 9], [3, 4, 5, 8, 9], [0, 3, 4, 5, 8, 9], [1, 3, 4, 5, 8, 9], [0, 1, 3, 4, 5, 8, 9], [2, 3, 4, 5, 8, 9], [0, 2, 3, 4, 5, 8, 9], [1, 2, 3, 4, 5, 8, 9], [0, 1, 2, 3, 4, 5, 8, 9], [6, 8, 9], [0, 6, 8, 9], [1, 6, 8, 9], [0, 1, 6, 8, 9], [2, 6, 8, 9], [0, 2, 6, 8, 9], [1, 2, 6, 8, 9], [0, 1, 2, 6, 8, 9], [3, 6, 8, 9], [0, 3, 6, 8, 9], [1, 3, 6, 8, 9], [0, 1, 3, 6, 8, 9], [2, 3, 6, 8, 9], [0, 2, 3, 6, 8, 9], [1, 2, 3, 6, 8, 9], [0, 1, 2, 3, 6, 8, 9], [4, 6, 8, 9], [0, 4, 6, 8, 9], [1, 4, 6, 8, 9], [0, 1, 4, 6, 8, 9], [2, 4, 6, 8, 9], [0, 2, 4, 6, 8, 9], [1, 2, 4, 6, 8, 9], [0, 1, 2, 4, 6, 8, 9], [3, 4, 6, 8, 9], [0, 3, 4, 6, 8, 9], [1, 3, 4, 6, 8, 9], [0, 1, 3, 4, 6, 8, 9], [2, 3, 4, 6, 8, 9], [0, 2, 3, 4, 6, 8, 9], [1, 2, 3, 4, 6, 8, 9], [0, 1, 2, 3, 4, 6, 8, 9], [5, 6, 8, 9], [0, 5, 6, 8, 9], [1, 5, 6, 8, 9], [0, 1, 5, 6, 8, 9], [2, 5, 6, 8, 9], [0, 2, 5, 6, 8, 9], [1, 2, 5, 6, 8, 9], [0, 1, 2, 5, 6, 8, 9], [3, 5, 6, 8, 9], [0, 3, 5, 6, 8, 9], [1, 3, 5, 6, 8, 9], [0, 1, 3, 5, 6, 8, 9], [2, 3, 5, 6, 8, 9], [0, 2, 3, 5, 6, 8, 9], [1, 2, 3, 5, 6, 8, 9], [0, 1, 2, 3, 5, 6, 8, 9], [4, 5, 6, 8, 9], [0, 4, 5, 6, 8, 9], [1, 4, 5, 6, 8, 9], [0, 1, 4, 5, 6, 8, 9], [2, 4, 5, 6, 8, 9], [0, 2, 4, 5, 6, 8, 9], [1, 2, 4, 5, 6, 8, 9], [0, 1, 2, 4, 5, 6, 8, 9], [3, 4, 5, 6, 8, 9], [0, 3, 4, 5, 6, 8, 9], [1, 3, 4, 5, 6, 8, 9], [0, 1, 3, 4, 5, 6, 8, 9], [2, 3, 4, 5, 6, 8, 9], [0, 2, 3, 4, 5, 6, 8, 9], [1, 2, 3, 4, 5, 6, 8, 9], [0, 1, 2, 3, 4, 5, 6, 8, 9], [7, 8, 9], [0, 7, 8, 9], [1, 7, 8, 9], [0, 1, 7, 8, 9], [2, 7, 8, 9], [0, 2, 7, 8, 9], [1, 2, 7, 8, 9], [0, 1, 2, 7, 8, 9], [3, 7, 8, 9], [0, 3, 7, 8, 9], [1, 3, 7, 8, 9], [0, 1, 3, 7, 8, 9], [2, 3, 7, 8, 9], [0, 2, 3, 7, 8, 9], [1, 2, 3, 7, 8, 9], [0, 1, 2, 3, 7, 8, 9], [4, 7, 8, 9], [0, 4, 7, 8, 9], [1, 4, 7, 8, 9], [0, 1, 4, 7, 8, 9], [2, 4, 7, 8, 9], [0, 2, 4, 7, 8, 9], [1, 2, 4, 7, 8, 9], [0, 1, 2, 4, 7, 8, 9], [3, 4, 7, 8, 9], [0, 3, 4, 7, 8, 9], [1, 3, 4, 7, 8, 9], [0, 1, 3, 4, 7, 8, 9], [2, 3, 4, 7, 8, 9], [0, 2, 3, 4, 7, 8, 9], [1, 2, 3, 4, 7, 8, 9], [0, 1, 2, 3, 4, 7, 8, 9], [5, 7, 8, 9], [0, 5, 7, 8, 9], [1, 5, 7, 8, 9], [0, 1, 5, 7, 8, 9], [2, 5, 7, 8, 9], [0, 2, 5, 7, 8, 9], [1, 2, 5, 7, 8, 9], [0, 1, 2, 5, 7, 8, 9], [3, 5, 7, 8, 9], [0, 3, 5, 7, 8, 9], [1, 3, 5, 7, 8, 9], [0, 1, 3, 5, 7, 8, 9], [2, 3, 5, 7, 8, 9], [0, 2, 3, 5, 7, 8, 9], [1, 2, 3, 5, 7, 8, 9], [0, 1, 2, 3, 5, 7, 8, 9], [4, 5, 7, 8, 9], [0, 4, 5, 7, 8, 9], [1, 4, 5, 7, 8, 9], [0, 1, 4, 5, 7, 8, 9], [2, 4, 5, 7, 8, 9], [0, 2, 4, 5, 7, 8, 9], [1, 2, 4, 5, 7, 8, 9], [0, 1, 2, 4, 5, 7, 8, 9], [3, 4, 5, 7, 8, 9], [0, 3, 4, 5, 7, 8, 9], [1, 3, 4, 5, 7, 8, 9], [0, 1, 3, 4, 5, 7, 8, 9], [2, 3, 4, 5, 7, 8, 9], [0, 2, 3, 4, 5, 7, 8, 9], [1, 2, 3, 4, 5, 7, 8, 9], [0, 1, 2, 3, 4, 5, 7, 8, 9], [6, 7, 8, 9], [0, 6, 7, 8, 9], [1, 6, 7, 8, 9], [0, 1, 6, 7, 8, 9], [2, 6, 7, 8, 9], [0, 2, 6, 7, 8, 9], [1, 2, 6, 7, 8, 9], [0, 1, 2, 6, 7, 8, 9], [3, 6, 7, 8, 9], [0, 3, 6, 7, 8, 9], [1, 3, 6, 7, 8, 9], [0, 1, 3, 6, 7, 8, 9], [2, 3, 6, 7, 8, 9], [0, 2, 3, 6, 7, 8, 9], [1, 2, 3, 6, 7, 8, 9], [0, 1, 2, 3, 6, 7, 8, 9], [4, 6, 7, 8, 9], [0, 4, 6, 7, 8, 9], [1, 4, 6, 7, 8, 9], [0, 1, 4, 6, 7, 8, 9], [2, 4, 6, 7, 8, 9], [0, 2, 4, 6, 7, 8, 9], [1, 2, 4, 6, 7, 8, 9], [0, 1, 2, 4, 6, 7, 8, 9], [3, 4, 6, 7, 8, 9], [0, 3, 4, 6, 7, 8, 9], [1, 3, 4, 6, 7, 8, 9], [0, 1, 3, 4, 6, 7, 8, 9], [2, 3, 4, 6, 7, 8, 9], [0, 2, 3, 4, 6, 7, 8, 9], [1, 2, 3, 4, 6, 7, 8, 9], [0, 1, 2, 3, 4, 6, 7, 8, 9], [5, 6, 7, 8, 9], [0, 5, 6, 7, 8, 9], [1, 5, 6, 7, 8, 9], [0, 1, 5, 6, 7, 8, 9], [2, 5, 6, 7, 8, 9], [0, 2, 5, 6, 7, 8, 9], [1, 2, 5, 6, 7, 8, 9], [0, 1, 2, 5, 6, 7, 8, 9], [3, 5, 6, 7, 8, 9], [0, 3, 5, 6, 7, 8, 9], [1, 3, 5, 6, 7, 8, 9], [0, 1, 3, 5, 6, 7, 8, 9], [2, 3, 5, 6, 7, 8, 9], [0, 2, 3, 5, 6, 7, 8, 9], [1, 2, 3, 5, 6, 7, 8, 9], [0, 1, 2, 3, 5, 6, 7, 8, 9], [4, 5, 6, 7, 8, 9], [0, 4, 5, 6, 7, 8, 9], [1, 4, 5, 6, 7, 8, 9], [0, 1, 4, 5, 6, 7, 8, 9], [2, 4, 5, 6, 7, 8, 9], [0, 2, 4, 5, 6, 7, 8, 9], [1, 2, 4, 5, 6, 7, 8, 9], [0, 1, 2, 4, 5, 6, 7, 8, 9], [3, 4, 5, 6, 7, 8, 9], [0, 3, 4, 5, 6, 7, 8, 9], [1, 3, 4, 5, 6, 7, 8, 9], [0, 1, 3, 4, 5, 6, 7, 8, 9], [2, 3, 4, 5, 6, 7, 8, 9], [0, 2, 3, 4, 5, 6, 7, 8, 9], [1, 2, 3, 4, 5, 6, 7, 8, 9], [0, 1, 2, 3, 4, 5, 6, 7, 8, 9]]
Vertex cover: [0, 1, 4, 5, 6, 8, 9]
 Execution Time (in milliseconds): 11.83009147644043
========== INPUT 6 ==========
No. of Vertices: 10
No.of edges: 35
Original vertices: [0, 1, 2, 3, 4, 5, 6, 7, 8, 9]
Shuffled vertices:[5, 9, 1, 2, 0, 7, 4, 3, 8, 6]
Edges: [(9, 5), (1, 5), (2, 9), (0, 9), (7, 0), (4, 1), (3, 5), (8, 0), (6, 4), (2, 6), (0, 5), (0, 1), (1, 2), (3, 1), (6, 0), (4, 0), (6, 1), (8, 2), (9, 3), (7, 1), (8, 3), (6, 9), (2, 3), (4, 9), (8, 1), (8, 5), (9, 7), (0, 3), (5, 6), (3, 7), (6, 8), (3, 4), (2, 4), (4, 5), (7, 8)]
Power set: [[], [0], [1], [0, 1], [2], [0, 2], [1, 2], [0, 1, 2], [3], [0, 3], [1, 3], [0, 1, 3], [2, 3], [0, 2, 3], [1, 2, 3], [0, 1, 2, 3], [4], [0, 4], [1, 4], [0, 1, 4], [2, 4], [0, 2, 4], [1, 2, 4], [0, 1, 2, 4], [3, 4], [0, 3, 4], [1, 3, 4], [0, 1, 3, 4], [2, 3, 4], [0, 2, 3, 4], [1, 2, 3, 4], [0, 1, 2, 3, 4], [5], [0, 5], [1, 5], [0, 1, 5], [2, 5], [0, 2, 5], [1, 2, 5], [0, 1, 2, 5], [3, 5], [0, 3, 5], [1, 3, 5], [0, 1, 3, 5], [2, 3, 5], [0, 2, 3, 5], [1, 2, 3, 5], [0, 1, 2, 3, 5], [4, 5], [0, 4, 5], [1, 4, 5], [0, 1, 4, 5], [2, 4, 5], [0, 2, 4, 5], [1, 2, 4, 5], [0, 1, 2, 4, 5], [3, 4, 5], [0, 3, 4, 5], [1, 3, 4, 5], [0, 1, 3, 4, 5], [2, 3, 4, 5], [0, 2, 3, 4, 5], [1, 2, 3, 4, 5], [0, 1, 2, 3, 4, 5], [6], [0, 6], [1, 6], [0, 1, 6], [2, 6], [0, 2, 6], [1, 2, 6], [0, 1, 2, 6], [3, 6], [0, 3, 6], [1, 3, 6], [0, 1, 3, 6], [2, 3, 6], [0, 2, 3, 6], [1, 2, 3, 6], [0, 1, 2, 3, 6], [4, 6], [0, 4, 6], [1, 4, 6], [0, 1, 4, 6], [2, 4, 6], [0, 2, 4, 6], [1, 2, 4, 6], [0, 1, 2, 4, 6], [3, 4, 6], [0, 3, 4, 6], [1, 3, 4, 6], [0, 1, 3, 4, 6], [2, 3, 4, 6], [0, 2, 3, 4, 6], [1, 2, 3, 4, 6], [0, 1, 2, 3, 4, 6], [5, 6], [0, 5, 6], [1, 5, 6], [0, 1, 5, 6], [2, 5, 6], [0, 2, 5, 6], [1, 2, 5, 6], [0, 1, 2, 5, 6], [3, 5, 6], [0, 3, 5, 6], [1, 3, 5, 6], [0, 1, 3, 5, 6], [2, 3, 5, 6], [0, 2, 3, 5, 6], [1, 2, 3, 5, 6], [0, 1, 2, 3, 5, 6], [4, 5, 6], [0, 4, 5, 6], [1, 4, 5, 6], [0, 1, 4, 5, 6], [2, 4, 5, 6], [0, 2, 4, 5, 6], [1, 2, 4, 5, 6], [0, 1, 2, 4, 5, 6], [3, 4, 5, 6], [0, 3, 4, 5, 6], [1, 3, 4, 5, 6], [0, 1, 3, 4, 5, 6], [2, 3, 4, 5, 6], [0, 2, 3, 4, 5, 6], [1, 2, 3, 4, 5, 6], [0, 1, 2, 3, 4, 5, 6], [7], [0, 7], [1, 7], [0, 1, 7], [2, 7], [0, 2, 7], [1, 2, 7], [0, 1, 2, 7], [3, 7], [0, 3, 7], [1, 3, 7], [0, 1, 3, 7], [2, 3, 7], [0, 2, 3, 7], [1, 2, 3, 7], [0, 1, 2, 3, 7], [4, 7], [0, 4, 7], [1, 4, 7], [0, 1, 4, 7], [2, 4, 7], [0, 2, 4, 7], [1, 2, 4, 7], [0, 1, 2, 4, 7], [3, 4, 7], [0, 3, 4, 7], [1, 3, 4, 7], [0, 1, 3, 4, 7], [2, 3, 4, 7], [0, 2, 3, 4, 7], [1, 2, 3, 4, 7], [0, 1, 2, 3, 4, 7], [5, 7], [0, 5, 7], [1, 5, 7], [0, 1, 5, 7], [2, 5, 7], [0, 2, 5, 7], [1, 2, 5, 7], [0, 1, 2, 5, 7], [3, 5, 7], [0, 3, 5, 7], [1, 3, 5, 7], [0, 1, 3, 5, 7], [2, 3, 5, 7], [0, 2, 3, 5, 7], [1, 2, 3, 5, 7], [0, 1, 2, 3, 5, 7], [4, 5, 7], [0, 4, 5, 7], [1, 4, 5, 7], [0, 1, 4, 5, 7], [2, 4, 5, 7], [0, 2, 4, 5, 7], [1, 2, 4, 5, 7], [0, 1, 2, 4, 5, 7], [3, 4, 5, 7], [0, 3, 4, 5, 7], [1, 3, 4, 5, 7], [0, 1, 3, 4, 5, 7], [2, 3, 4, 5, 7], [0, 2, 3, 4, 5, 7], [1, 2, 3, 4, 5, 7], [0, 1, 2, 3, 4, 5, 7], [6, 7], [0, 6, 7], [1, 6, 7], [0, 1, 6, 7], [2, 6, 7], [0, 2, 6, 7], [1, 2, 6, 7], [0, 1, 2, 6, 7], [3, 6, 7], [0, 3, 6, 7], [1, 3, 6, 7], [0, 1, 3, 6, 7], [2, 3, 6, 7], [0, 2, 3, 6, 7], [1, 2, 3, 6, 7], [0, 1, 2, 3, 6, 7], [4, 6, 7], [0, 4, 6, 7], [1, 4, 6, 7], [0, 1, 4, 6, 7], [2, 4, 6, 7], [0, 2, 4, 6, 7], [1, 2, 4, 6, 7], [0, 1, 2, 4, 6, 7], [3, 4, 6, 7], [0, 3, 4, 6, 7], [1, 3, 4, 6, 7], [0, 1, 3, 4, 6, 7], [2, 3, 4, 6, 7], [0, 2, 3, 4, 6, 7], [1, 2, 3, 4, 6, 7], [0, 1, 2, 3, 4, 6, 7], [5, 6, 7], [0, 5, 6, 7], [1, 5, 6, 7], [0, 1, 5, 6, 7], [2, 5, 6, 7], [0, 2, 5, 6, 7], [1, 2, 5, 6, 7], [0, 1, 2, 5, 6, 7], [3, 5, 6, 7], [0, 3, 5, 6, 7], [1, 3, 5, 6, 7], [0, 1, 3, 5, 6, 7], [2, 3, 5, 6, 7], [0, 2, 3, 5, 6, 7], [1, 2, 3, 5, 6, 7], [0, 1, 2, 3, 5, 6, 7], [4, 5, 6, 7], [0, 4, 5, 6, 7], [1, 4, 5, 6, 7], [0, 1, 4, 5, 6, 7], [2, 4, 5, 6, 7], [0, 2, 4, 5, 6, 7], [1, 2, 4, 5, 6, 7], [0, 1, 2, 4, 5, 6, 7], [3, 4, 5, 6, 7], [0, 3, 4, 5, 6, 7], [1, 3, 4, 5, 6, 7], [0, 1, 3, 4, 5, 6, 7], [2, 3, 4, 5, 6, 7], [0, 2, 3, 4, 5, 6, 7], [1, 2, 3, 4, 5, 6, 7], [0, 1, 2, 3, 4, 5, 6, 7], [8], [0, 8], [1, 8], [0, 1, 8], [2, 8], [0, 2, 8], [1, 2, 8], [0, 1, 2, 8], [3, 8], [0, 3, 8], [1, 3, 8], [0, 1, 3, 8], [2, 3, 8], [0, 2, 3, 8], [1, 2, 3, 8], [0, 1, 2, 3, 8], [4, 8], [0, 4, 8], [1, 4, 8], [0, 1, 4, 8], [2, 4, 8], [0, 2, 4, 8], [1, 2, 4, 8], [0, 1, 2, 4, 8], [3, 4, 8], [0, 3, 4, 8], [1, 3, 4, 8], [0, 1, 3, 4, 8], [2, 3, 4, 8], [0, 2, 3, 4, 8], [1, 2, 3, 4, 8], [0, 1, 2, 3, 4, 8], [5, 8], [0, 5, 8], [1, 5, 8], [0, 1, 5, 8], [2, 5, 8], [0, 2, 5, 8], [1, 2, 5, 8], [0, 1, 2, 5, 8], [3, 5, 8], [0, 3, 5, 8], [1, 3, 5, 8], [0, 1, 3, 5, 8], [2, 3, 5, 8], [0, 2, 3, 5, 8], [1, 2, 3, 5, 8], [0, 1, 2, 3, 5, 8], [4, 5, 8], [0, 4, 5, 8], [1, 4, 5, 8], [0, 1, 4, 5, 8], [2, 4, 5, 8], [0, 2, 4, 5, 8], [1, 2, 4, 5, 8], [0, 1, 2, 4, 5, 8], [3, 4, 5, 8], [0, 3, 4, 5, 8], [1, 3, 4, 5, 8], [0, 1, 3, 4, 5, 8], [2, 3, 4, 5, 8], [0, 2, 3, 4, 5, 8], [1, 2, 3, 4, 5, 8], [0, 1, 2, 3, 4, 5, 8], [6, 8], [0, 6, 8], [1, 6, 8], [0, 1, 6, 8], [2, 6, 8], [0, 2, 6, 8], [1, 2, 6, 8], [0, 1, 2, 6, 8], [3, 6, 8], [0, 3, 6, 8], [1, 3, 6, 8], [0, 1, 3, 6, 8], [2, 3, 6, 8], [0, 2, 3, 6, 8], [1, 2, 3, 6, 8], [0, 1, 2, 3, 6, 8], [4, 6, 8], [0, 4, 6, 8], [1, 4, 6, 8], [0, 1, 4, 6, 8], [2, 4, 6, 8], [0, 2, 4, 6, 8], [1, 2, 4, 6, 8], [0, 1, 2, 4, 6, 8], [3, 4, 6, 8], [0, 3, 4, 6, 8], [1, 3, 4, 6, 8], [0, 1, 3, 4, 6, 8], [2, 3, 4, 6, 8], [0, 2, 3, 4, 6, 8], [1, 2, 3, 4, 6, 8], [0, 1, 2, 3, 4, 6, 8], [5, 6, 8], [0, 5, 6, 8], [1, 5, 6, 8], [0, 1, 5, 6, 8], [2, 5, 6, 8], [0, 2, 5, 6, 8], [1, 2, 5, 6, 8], [0, 1, 2, 5, 6, 8], [3, 5, 6, 8], [0, 3, 5, 6, 8], [1, 3, 5, 6, 8], [0, 1, 3, 5, 6, 8], [2, 3, 5, 6, 8], [0, 2, 3, 5, 6, 8], [1, 2, 3, 5, 6, 8], [0, 1, 2, 3, 5, 6, 8], [4, 5, 6, 8], [0, 4, 5, 6, 8], [1, 4, 5, 6, 8], [0, 1, 4, 5, 6, 8], [2, 4, 5, 6, 8], [0, 2, 4, 5, 6, 8], [1, 2, 4, 5, 6, 8], [0, 1, 2, 4, 5, 6, 8], [3, 4, 5, 6, 8], [0, 3, 4, 5, 6, 8], [1, 3, 4, 5, 6, 8], [0, 1, 3, 4, 5, 6, 8], [2, 3, 4, 5, 6, 8], [0, 2, 3, 4, 5, 6, 8], [1, 2, 3, 4, 5, 6, 8], [0, 1, 2, 3, 4, 5, 6, 8], [7, 8], [0, 7, 8], [1, 7, 8], [0, 1, 7, 8], [2, 7, 8], [0, 2, 7, 8], [1, 2, 7, 8], [0, 1, 2, 7, 8], [3, 7, 8], [0, 3, 7, 8], [1, 3, 7, 8], [0, 1, 3, 7, 8], [2, 3, 7, 8], [0, 2, 3, 7, 8], [1, 2, 3, 7, 8], [0, 1, 2, 3, 7, 8], [4, 7, 8], [0, 4, 7, 8], [1, 4, 7, 8], [0, 1, 4, 7, 8], [2, 4, 7, 8], [0, 2, 4, 7, 8], [1, 2, 4, 7, 8], [0, 1, 2, 4, 7, 8], [3, 4, 7, 8], [0, 3, 4, 7, 8], [1, 3, 4, 7, 8], [0, 1, 3, 4, 7, 8], [2, 3, 4, 7, 8], [0, 2, 3, 4, 7, 8], [1, 2, 3, 4, 7, 8], [0, 1, 2, 3, 4, 7, 8], [5, 7, 8], [0, 5, 7, 8], [1, 5, 7, 8], [0, 1, 5, 7, 8], [2, 5, 7, 8], [0, 2, 5, 7, 8], [1, 2, 5, 7, 8], [0, 1, 2, 5, 7, 8], [3, 5, 7, 8], [0, 3, 5, 7, 8], [1, 3, 5, 7, 8], [0, 1, 3, 5, 7, 8], [2, 3, 5, 7, 8], [0, 2, 3, 5, 7, 8], [1, 2, 3, 5, 7, 8], [0, 1, 2, 3, 5, 7, 8], [4, 5, 7, 8], [0, 4, 5, 7, 8], [1, 4, 5, 7, 8], [0, 1, 4, 5, 7, 8], [2, 4, 5, 7, 8], [0, 2, 4, 5, 7, 8], [1, 2, 4, 5, 7, 8], [0, 1, 2, 4, 5, 7, 8], [3, 4, 5, 7, 8], [0, 3, 4, 5, 7, 8], [1, 3, 4, 5, 7, 8], [0, 1, 3, 4, 5, 7, 8], [2, 3, 4, 5, 7, 8], [0, 2, 3, 4, 5, 7, 8], [1, 2, 3, 4, 5, 7, 8], [0, 1, 2, 3, 4, 5, 7, 8], [6, 7, 8], [0, 6, 7, 8], [1, 6, 7, 8], [0, 1, 6, 7, 8], [2, 6, 7, 8], [0, 2, 6, 7, 8], [1, 2, 6, 7, 8], [0, 1, 2, 6, 7, 8], [3, 6, 7, 8], [0, 3, 6, 7, 8], [1, 3, 6, 7, 8], [0, 1, 3, 6, 7, 8], [2, 3, 6, 7, 8], [0, 2, 3, 6, 7, 8], [1, 2, 3, 6, 7, 8], [0, 1, 2, 3, 6, 7, 8], [4, 6, 7, 8], [0, 4, 6, 7, 8], [1, 4, 6, 7, 8], [0, 1, 4, 6, 7, 8], [2, 4, 6, 7, 8], [0, 2, 4, 6, 7, 8], [1, 2, 4, 6, 7, 8], [0, 1, 2, 4, 6, 7, 8], [3, 4, 6, 7, 8], [0, 3, 4, 6, 7, 8], [1, 3, 4, 6, 7, 8], [0, 1, 3, 4, 6, 7, 8], [2, 3, 4, 6, 7, 8], [0, 2, 3, 4, 6, 7, 8], [1, 2, 3, 4, 6, 7, 8], [0, 1, 2, 3, 4, 6, 7, 8], [5, 6, 7, 8], [0, 5, 6, 7, 8], [1, 5, 6, 7, 8], [0, 1, 5, 6, 7, 8], [2, 5, 6, 7, 8], [0, 2, 5, 6, 7, 8], [1, 2, 5, 6, 7, 8], [0, 1, 2, 5, 6, 7, 8], [3, 5, 6, 7, 8], [0, 3, 5, 6, 7, 8], [1, 3, 5, 6, 7, 8], [0, 1, 3, 5, 6, 7, 8], [2, 3, 5, 6, 7, 8], [0, 2, 3, 5, 6, 7, 8], [1, 2, 3, 5, 6, 7, 8], [0, 1, 2, 3, 5, 6, 7, 8], [4, 5, 6, 7, 8], [0, 4, 5, 6, 7, 8], [1, 4, 5, 6, 7, 8], [0, 1, 4, 5, 6, 7, 8], [2, 4, 5, 6, 7, 8], [0, 2, 4, 5, 6, 7, 8], [1, 2, 4, 5, 6, 7, 8], [0, 1, 2, 4, 5, 6, 7, 8], [3, 4, 5, 6, 7, 8], [0, 3, 4, 5, 6, 7, 8], [1, 3, 4, 5, 6, 7, 8], [0, 1, 3, 4, 5, 6, 7, 8], [2, 3, 4, 5, 6, 7, 8], [0, 2, 3, 4, 5, 6, 7, 8], [1, 2, 3, 4, 5, 6, 7, 8], [0, 1, 2, 3, 4, 5, 6, 7, 8], [9], [0, 9], [1, 9], [0, 1, 9], [2, 9], [0, 2, 9], [1, 2, 9], [0, 1, 2, 9], [3, 9], [0, 3, 9], [1, 3, 9], [0, 1, 3, 9], [2, 3, 9], [0, 2, 3, 9], [1, 2, 3, 9], [0, 1, 2, 3, 9], [4, 9], [0, 4, 9], [1, 4, 9], [0, 1, 4, 9], [2, 4, 9], [0, 2, 4, 9], [1, 2, 4, 9], [0, 1, 2, 4, 9], [3, 4, 9], [0, 3, 4, 9], [1, 3, 4, 9], [0, 1, 3, 4, 9], [2, 3, 4, 9], [0, 2, 3, 4, 9], [1, 2, 3, 4, 9], [0, 1, 2, 3, 4, 9], [5, 9], [0, 5, 9], [1, 5, 9], [0, 1, 5, 9], [2, 5, 9], [0, 2, 5, 9], [1, 2, 5, 9], [0, 1, 2, 5, 9], [3, 5, 9], [0, 3, 5, 9], [1, 3, 5, 9], [0, 1, 3, 5, 9], [2, 3, 5, 9], [0, 2, 3, 5, 9], [1, 2, 3, 5, 9], [0, 1, 2, 3, 5, 9], [4, 5, 9], [0, 4, 5, 9], [1, 4, 5, 9], [0, 1, 4, 5, 9], [2, 4, 5, 9], [0, 2, 4, 5, 9], [1, 2, 4, 5, 9], [0, 1, 2, 4, 5, 9], [3, 4, 5, 9], [0, 3, 4, 5, 9], [1, 3, 4, 5, 9], [0, 1, 3, 4, 5, 9], [2, 3, 4, 5, 9], [0, 2, 3, 4, 5, 9], [1, 2, 3, 4, 5, 9], [0, 1, 2, 3, 4, 5, 9], [6, 9], [0, 6, 9], [1, 6, 9], [0, 1, 6, 9], [2, 6, 9], [0, 2, 6, 9], [1, 2, 6, 9], [0, 1, 2, 6, 9], [3, 6, 9], [0, 3, 6, 9], [1, 3, 6, 9], [0, 1, 3, 6, 9], [2, 3, 6, 9], [0, 2, 3, 6, 9], [1, 2, 3, 6, 9], [0, 1, 2, 3, 6, 9], [4, 6, 9], [0, 4, 6, 9], [1, 4, 6, 9], [0, 1, 4, 6, 9], [2, 4, 6, 9], [0, 2, 4, 6, 9], [1, 2, 4, 6, 9], [0, 1, 2, 4, 6, 9], [3, 4, 6, 9], [0, 3, 4, 6, 9], [1, 3, 4, 6, 9], [0, 1, 3, 4, 6, 9], [2, 3, 4, 6, 9], [0, 2, 3, 4, 6, 9], [1, 2, 3, 4, 6, 9], [0, 1, 2, 3, 4, 6, 9], [5, 6, 9], [0, 5, 6, 9], [1, 5, 6, 9], [0, 1, 5, 6, 9], [2, 5, 6, 9], [0, 2, 5, 6, 9], [1, 2, 5, 6, 9], [0, 1, 2, 5, 6, 9], [3, 5, 6, 9], [0, 3, 5, 6, 9], [1, 3, 5, 6, 9], [0, 1, 3, 5, 6, 9], [2, 3, 5, 6, 9], [0, 2, 3, 5, 6, 9], [1, 2, 3, 5, 6, 9], [0, 1, 2, 3, 5, 6, 9], [4, 5, 6, 9], [0, 4, 5, 6, 9], [1, 4, 5, 6, 9], [0, 1, 4, 5, 6, 9], [2, 4, 5, 6, 9], [0, 2, 4, 5, 6, 9], [1, 2, 4, 5, 6, 9], [0, 1, 2, 4, 5, 6, 9], [3, 4, 5, 6, 9], [0, 3, 4, 5, 6, 9], [1, 3, 4, 5, 6, 9], [0, 1, 3, 4, 5, 6, 9], [2, 3, 4, 5, 6, 9], [0, 2, 3, 4, 5, 6, 9], [1, 2, 3, 4, 5, 6, 9], [0, 1, 2, 3, 4, 5, 6, 9], [7, 9], [0, 7, 9], [1, 7, 9], [0, 1, 7, 9], [2, 7, 9], [0, 2, 7, 9], [1, 2, 7, 9], [0, 1, 2, 7, 9], [3, 7, 9], [0, 3, 7, 9], [1, 3, 7, 9], [0, 1, 3, 7, 9], [2, 3, 7, 9], [0, 2, 3, 7, 9], [1, 2, 3, 7, 9], [0, 1, 2, 3, 7, 9], [4, 7, 9], [0, 4, 7, 9], [1, 4, 7, 9], [0, 1, 4, 7, 9], [2, 4, 7, 9], [0, 2, 4, 7, 9], [1, 2, 4, 7, 9], [0, 1, 2, 4, 7, 9], [3, 4, 7, 9], [0, 3, 4, 7, 9], [1, 3, 4, 7, 9], [0, 1, 3, 4, 7, 9], [2, 3, 4, 7, 9], [0, 2, 3, 4, 7, 9], [1, 2, 3, 4, 7, 9], [0, 1, 2, 3, 4, 7, 9], [5, 7, 9], [0, 5, 7, 9], [1, 5, 7, 9], [0, 1, 5, 7, 9], [2, 5, 7, 9], [0, 2, 5, 7, 9], [1, 2, 5, 7, 9], [0, 1, 2, 5, 7, 9], [3, 5, 7, 9], [0, 3, 5, 7, 9], [1, 3, 5, 7, 9], [0, 1, 3, 5, 7, 9], [2, 3, 5, 7, 9], [0, 2, 3, 5, 7, 9], [1, 2, 3, 5, 7, 9], [0, 1, 2, 3, 5, 7, 9], [4, 5, 7, 9], [0, 4, 5, 7, 9], [1, 4, 5, 7, 9], [0, 1, 4, 5, 7, 9], [2, 4, 5, 7, 9], [0, 2, 4, 5, 7, 9], [1, 2, 4, 5, 7, 9], [0, 1, 2, 4, 5, 7, 9], [3, 4, 5, 7, 9], [0, 3, 4, 5, 7, 9], [1, 3, 4, 5, 7, 9], [0, 1, 3, 4, 5, 7, 9], [2, 3, 4, 5, 7, 9], [0, 2, 3, 4, 5, 7, 9], [1, 2, 3, 4, 5, 7, 9], [0, 1, 2, 3, 4, 5, 7, 9], [6, 7, 9], [0, 6, 7, 9], [1, 6, 7, 9], [0, 1, 6, 7, 9], [2, 6, 7, 9], [0, 2, 6, 7, 9], [1, 2, 6, 7, 9], [0, 1, 2, 6, 7, 9], [3, 6, 7, 9], [0, 3, 6, 7, 9], [1, 3, 6, 7, 9], [0, 1, 3, 6, 7, 9], [2, 3, 6, 7, 9], [0, 2, 3, 6, 7, 9], [1, 2, 3, 6, 7, 9], [0, 1, 2, 3, 6, 7, 9], [4, 6, 7, 9], [0, 4, 6, 7, 9], [1, 4, 6, 7, 9], [0, 1, 4, 6, 7, 9], [2, 4, 6, 7, 9], [0, 2, 4, 6, 7, 9], [1, 2, 4, 6, 7, 9], [0, 1, 2, 4, 6, 7, 9], [3, 4, 6, 7, 9], [0, 3, 4, 6, 7, 9], [1, 3, 4, 6, 7, 9], [0, 1, 3, 4, 6, 7, 9], [2, 3, 4, 6, 7, 9], [0, 2, 3, 4, 6, 7, 9], [1, 2, 3, 4, 6, 7, 9], [0, 1, 2, 3, 4, 6, 7, 9], [5, 6, 7, 9], [0, 5, 6, 7, 9], [1, 5, 6, 7, 9], [0, 1, 5, 6, 7, 9], [2, 5, 6, 7, 9], [0, 2, 5, 6, 7, 9], [1, 2, 5, 6, 7, 9], [0, 1, 2, 5, 6, 7, 9], [3, 5, 6, 7, 9], [0, 3, 5, 6, 7, 9], [1, 3, 5, 6, 7, 9], [0, 1, 3, 5, 6, 7, 9], [2, 3, 5, 6, 7, 9], [0, 2, 3, 5, 6, 7, 9], [1, 2, 3, 5, 6, 7, 9], [0, 1, 2, 3, 5, 6, 7, 9], [4, 5, 6, 7, 9], [0, 4, 5, 6, 7, 9], [1, 4, 5, 6, 7, 9], [0, 1, 4, 5, 6, 7, 9], [2, 4, 5, 6, 7, 9], [0, 2, 4, 5, 6, 7, 9], [1, 2, 4, 5, 6, 7, 9], [0, 1, 2, 4, 5, 6, 7, 9], [3, 4, 5, 6, 7, 9], [0, 3, 4, 5, 6, 7, 9], [1, 3, 4, 5, 6, 7, 9], [0, 1, 3, 4, 5, 6, 7, 9], [2, 3, 4, 5, 6, 7, 9], [0, 2, 3, 4, 5, 6, 7, 9], [1, 2, 3, 4, 5, 6, 7, 9], [0, 1, 2, 3, 4, 5, 6, 7, 9], [8, 9], [0, 8, 9], [1, 8, 9], [0, 1, 8, 9], [2, 8, 9], [0, 2, 8, 9], [1, 2, 8, 9], [0, 1, 2, 8, 9], [3, 8, 9], [0, 3, 8, 9], [1, 3, 8, 9], [0, 1, 3, 8, 9], [2, 3, 8, 9], [0, 2, 3, 8, 9], [1, 2, 3, 8, 9], [0, 1, 2, 3, 8, 9], [4, 8, 9], [0, 4, 8, 9], [1, 4, 8, 9], [0, 1, 4, 8, 9], [2, 4, 8, 9], [0, 2, 4, 8, 9], [1, 2, 4, 8, 9], [0, 1, 2, 4, 8, 9], [3, 4, 8, 9], [0, 3, 4, 8, 9], [1, 3, 4, 8, 9], [0, 1, 3, 4, 8, 9], [2, 3, 4, 8, 9], [0, 2, 3, 4, 8, 9], [1, 2, 3, 4, 8, 9], [0, 1, 2, 3, 4, 8, 9], [5, 8, 9], [0, 5, 8, 9], [1, 5, 8, 9], [0, 1, 5, 8, 9], [2, 5, 8, 9], [0, 2, 5, 8, 9], [1, 2, 5, 8, 9], [0, 1, 2, 5, 8, 9], [3, 5, 8, 9], [0, 3, 5, 8, 9], [1, 3, 5, 8, 9], [0, 1, 3, 5, 8, 9], [2, 3, 5, 8, 9], [0, 2, 3, 5, 8, 9], [1, 2, 3, 5, 8, 9], [0, 1, 2, 3, 5, 8, 9], [4, 5, 8, 9], [0, 4, 5, 8, 9], [1, 4, 5, 8, 9], [0, 1, 4, 5, 8, 9], [2, 4, 5, 8, 9], [0, 2, 4, 5, 8, 9], [1, 2, 4, 5, 8, 9], [0, 1, 2, 4, 5, 8, 9], [3, 4, 5, 8, 9], [0, 3, 4, 5, 8, 9], [1, 3, 4, 5, 8, 9], [0, 1, 3, 4, 5, 8, 9], [2, 3, 4, 5, 8, 9], [0, 2, 3, 4, 5, 8, 9], [1, 2, 3, 4, 5, 8, 9], [0, 1, 2, 3, 4, 5, 8, 9], [6, 8, 9], [0, 6, 8, 9], [1, 6, 8, 9], [0, 1, 6, 8, 9], [2, 6, 8, 9], [0, 2, 6, 8, 9], [1, 2, 6, 8, 9], [0, 1, 2, 6, 8, 9], [3, 6, 8, 9], [0, 3, 6, 8, 9], [1, 3, 6, 8, 9], [0, 1, 3, 6, 8, 9], [2, 3, 6, 8, 9], [0, 2, 3, 6, 8, 9], [1, 2, 3, 6, 8, 9], [0, 1, 2, 3, 6, 8, 9], [4, 6, 8, 9], [0, 4, 6, 8, 9], [1, 4, 6, 8, 9], [0, 1, 4, 6, 8, 9], [2, 4, 6, 8, 9], [0, 2, 4, 6, 8, 9], [1, 2, 4, 6, 8, 9], [0, 1, 2, 4, 6, 8, 9], [3, 4, 6, 8, 9], [0, 3, 4, 6, 8, 9], [1, 3, 4, 6, 8, 9], [0, 1, 3, 4, 6, 8, 9], [2, 3, 4, 6, 8, 9], [0, 2, 3, 4, 6, 8, 9], [1, 2, 3, 4, 6, 8, 9], [0, 1, 2, 3, 4, 6, 8, 9], [5, 6, 8, 9], [0, 5, 6, 8, 9], [1, 5, 6, 8, 9], [0, 1, 5, 6, 8, 9], [2, 5, 6, 8, 9], [0, 2, 5, 6, 8, 9], [1, 2, 5, 6, 8, 9], [0, 1, 2, 5, 6, 8, 9], [3, 5, 6, 8, 9], [0, 3, 5, 6, 8, 9], [1, 3, 5, 6, 8, 9], [0, 1, 3, 5, 6, 8, 9], [2, 3, 5, 6, 8, 9], [0, 2, 3, 5, 6, 8, 9], [1, 2, 3, 5, 6, 8, 9], [0, 1, 2, 3, 5, 6, 8, 9], [4, 5, 6, 8, 9], [0, 4, 5, 6, 8, 9], [1, 4, 5, 6, 8, 9], [0, 1, 4, 5, 6, 8, 9], [2, 4, 5, 6, 8, 9], [0, 2, 4, 5, 6, 8, 9], [1, 2, 4, 5, 6, 8, 9], [0, 1, 2, 4, 5, 6, 8, 9], [3, 4, 5, 6, 8, 9], [0, 3, 4, 5, 6, 8, 9], [1, 3, 4, 5, 6, 8, 9], [0, 1, 3, 4, 5, 6, 8, 9], [2, 3, 4, 5, 6, 8, 9], [0, 2, 3, 4, 5, 6, 8, 9], [1, 2, 3, 4, 5, 6, 8, 9], [0, 1, 2, 3, 4, 5, 6, 8, 9], [7, 8, 9], [0, 7, 8, 9], [1, 7, 8, 9], [0, 1, 7, 8, 9], [2, 7, 8, 9], [0, 2, 7, 8, 9], [1, 2, 7, 8, 9], [0, 1, 2, 7, 8, 9], [3, 7, 8, 9], [0, 3, 7, 8, 9], [1, 3, 7, 8, 9], [0, 1, 3, 7, 8, 9], [2, 3, 7, 8, 9], [0, 2, 3, 7, 8, 9], [1, 2, 3, 7, 8, 9], [0, 1, 2, 3, 7, 8, 9], [4, 7, 8, 9], [0, 4, 7, 8, 9], [1, 4, 7, 8, 9], [0, 1, 4, 7, 8, 9], [2, 4, 7, 8, 9], [0, 2, 4, 7, 8, 9], [1, 2, 4, 7, 8, 9], [0, 1, 2, 4, 7, 8, 9], [3, 4, 7, 8, 9], [0, 3, 4, 7, 8, 9], [1, 3, 4, 7, 8, 9], [0, 1, 3, 4, 7, 8, 9], [2, 3, 4, 7, 8, 9], [0, 2, 3, 4, 7, 8, 9], [1, 2, 3, 4, 7, 8, 9], [0, 1, 2, 3, 4, 7, 8, 9], [5, 7, 8, 9], [0, 5, 7, 8, 9], [1, 5, 7, 8, 9], [0, 1, 5, 7, 8, 9], [2, 5, 7, 8, 9], [0, 2, 5, 7, 8, 9], [1, 2, 5, 7, 8, 9], [0, 1, 2, 5, 7, 8, 9], [3, 5, 7, 8, 9], [0, 3, 5, 7, 8, 9], [1, 3, 5, 7, 8, 9], [0, 1, 3, 5, 7, 8, 9], [2, 3, 5, 7, 8, 9], [0, 2, 3, 5, 7, 8, 9], [1, 2, 3, 5, 7, 8, 9], [0, 1, 2, 3, 5, 7, 8, 9], [4, 5, 7, 8, 9], [0, 4, 5, 7, 8, 9], [1, 4, 5, 7, 8, 9], [0, 1, 4, 5, 7, 8, 9], [2, 4, 5, 7, 8, 9], [0, 2, 4, 5, 7, 8, 9], [1, 2, 4, 5, 7, 8, 9], [0, 1, 2, 4, 5, 7, 8, 9], [3, 4, 5, 7, 8, 9], [0, 3, 4, 5, 7, 8, 9], [1, 3, 4, 5, 7, 8, 9], [0, 1, 3, 4, 5, 7, 8, 9], [2, 3, 4, 5, 7, 8, 9], [0, 2, 3, 4, 5, 7, 8, 9], [1, 2, 3, 4, 5, 7, 8, 9], [0, 1, 2, 3, 4, 5, 7, 8, 9], [6, 7, 8, 9], [0, 6, 7, 8, 9], [1, 6, 7, 8, 9], [0, 1, 6, 7, 8, 9], [2, 6, 7, 8, 9], [0, 2, 6, 7, 8, 9], [1, 2, 6, 7, 8, 9], [0, 1, 2, 6, 7, 8, 9], [3, 6, 7, 8, 9], [0, 3, 6, 7, 8, 9], [1, 3, 6, 7, 8, 9], [0, 1, 3, 6, 7, 8, 9], [2, 3, 6, 7, 8, 9], [0, 2, 3, 6, 7, 8, 9], [1, 2, 3, 6, 7, 8, 9], [0, 1, 2, 3, 6, 7, 8, 9], [4, 6, 7, 8, 9], [0, 4, 6, 7, 8, 9], [1, 4, 6, 7, 8, 9], [0, 1, 4, 6, 7, 8, 9], [2, 4, 6, 7, 8, 9], [0, 2, 4, 6, 7, 8, 9], [1, 2, 4, 6, 7, 8, 9], [0, 1, 2, 4, 6, 7, 8, 9], [3, 4, 6, 7, 8, 9], [0, 3, 4, 6, 7, 8, 9], [1, 3, 4, 6, 7, 8, 9], [0, 1, 3, 4, 6, 7, 8, 9], [2, 3, 4, 6, 7, 8, 9], [0, 2, 3, 4, 6, 7, 8, 9], [1, 2, 3, 4, 6, 7, 8, 9], [0, 1, 2, 3, 4, 6, 7, 8, 9], [5, 6, 7, 8, 9], [0, 5, 6, 7, 8, 9], [1, 5, 6, 7, 8, 9], [0, 1, 5, 6, 7, 8, 9], [2, 5, 6, 7, 8, 9], [0, 2, 5, 6, 7, 8, 9], [1, 2, 5, 6, 7, 8, 9], [0, 1, 2, 5, 6, 7, 8, 9], [3, 5, 6, 7, 8, 9], [0, 3, 5, 6, 7, 8, 9], [1, 3, 5, 6, 7, 8, 9], [0, 1, 3, 5, 6, 7, 8, 9], [2, 3, 5, 6, 7, 8, 9], [0, 2, 3, 5, 6, 7, 8, 9], [1, 2, 3, 5, 6, 7, 8, 9], [0, 1, 2, 3, 5, 6, 7, 8, 9], [4, 5, 6, 7, 8, 9], [0, 4, 5, 6, 7, 8, 9], [1, 4, 5, 6, 7, 8, 9], [0, 1, 4, 5, 6, 7, 8, 9], [2, 4, 5, 6, 7, 8, 9], [0, 2, 4, 5, 6, 7, 8, 9], [1, 2, 4, 5, 6, 7, 8, 9], [0, 1, 2, 4, 5, 6, 7, 8, 9], [3, 4, 5, 6, 7, 8, 9], [0, 3, 4, 5, 6, 7, 8, 9], [1, 3, 4, 5, 6, 7, 8, 9], [0, 1, 3, 4, 5, 6, 7, 8, 9], [2, 3, 4, 5, 6, 7, 8, 9], [0, 2, 3, 4, 5, 6, 7, 8, 9], [1, 2, 3, 4, 5, 6, 7, 8, 9], [0, 1, 2, 3, 4, 5, 6, 7, 8, 9]]
Vertex cover: [0, 1, 3, 4, 6, 8, 9]
 Execution Time (in milliseconds): 11.600732803344727
========== INPUT 7 ==========
No. of Vertices: 10
No.of edges: 40
Original vertices: [0, 1, 2, 3, 4, 5, 6, 7, 8, 9]
Shuffled vertices:[4, 1, 7, 0, 5, 3, 9, 8, 2, 6]
Edges: [(1, 4), (7, 1), (0, 1), (5, 4), (3, 4), (9, 5), (8, 3), (2, 4), (6, 3), (5, 3), (9, 2), (1, 6), (6, 5), (8, 5), (3, 9), (1, 8), (8, 2), (7, 9), (7, 6), (9, 8), (2, 0), (4, 8), (1, 5), (4, 7), (9, 4), (0, 9), (7, 5), (7, 0), (7, 3), (6, 0), (0, 3), (6, 9), (0, 4), (1, 2), (2, 5), (2, 3), (5, 0), (2, 6), (8, 7), (8, 6)]
Power set: [[], [0], [1], [0, 1], [2], [0, 2], [1, 2], [0, 1, 2], [3], [0, 3], [1, 3], [0, 1, 3], [2, 3], [0, 2, 3], [1, 2, 3], [0, 1, 2, 3], [4], [0, 4], [1, 4], [0, 1, 4], [2, 4], [0, 2, 4], [1, 2, 4], [0, 1, 2, 4], [3, 4], [0, 3, 4], [1, 3, 4], [0, 1, 3, 4], [2, 3, 4], [0, 2, 3, 4], [1, 2, 3, 4], [0, 1, 2, 3, 4], [5], [0, 5], [1, 5], [0, 1, 5], [2, 5], [0, 2, 5], [1, 2, 5], [0, 1, 2, 5], [3, 5], [0, 3, 5], [1, 3, 5], [0, 1, 3, 5], [2, 3, 5], [0, 2, 3, 5], [1, 2, 3, 5], [0, 1, 2, 3, 5], [4, 5], [0, 4, 5], [1, 4, 5], [0, 1, 4, 5], [2, 4, 5], [0, 2, 4, 5], [1, 2, 4, 5], [0, 1, 2, 4, 5], [3, 4, 5], [0, 3, 4, 5], [1, 3, 4, 5], [0, 1, 3, 4, 5], [2, 3, 4, 5], [0, 2, 3, 4, 5], [1, 2, 3, 4, 5], [0, 1, 2, 3, 4, 5], [6], [0, 6], [1, 6], [0, 1, 6], [2, 6], [0, 2, 6], [1, 2, 6], [0, 1, 2, 6], [3, 6], [0, 3, 6], [1, 3, 6], [0, 1, 3, 6], [2, 3, 6], [0, 2, 3, 6], [1, 2, 3, 6], [0, 1, 2, 3, 6], [4, 6], [0, 4, 6], [1, 4, 6], [0, 1, 4, 6], [2, 4, 6], [0, 2, 4, 6], [1, 2, 4, 6], [0, 1, 2, 4, 6], [3, 4, 6], [0, 3, 4, 6], [1, 3, 4, 6], [0, 1, 3, 4, 6], [2, 3, 4, 6], [0, 2, 3, 4, 6], [1, 2, 3, 4, 6], [0, 1, 2, 3, 4, 6], [5, 6], [0, 5, 6], [1, 5, 6], [0, 1, 5, 6], [2, 5, 6], [0, 2, 5, 6], [1, 2, 5, 6], [0, 1, 2, 5, 6], [3, 5, 6], [0, 3, 5, 6], [1, 3, 5, 6], [0, 1, 3, 5, 6], [2, 3, 5, 6], [0, 2, 3, 5, 6], [1, 2, 3, 5, 6], [0, 1, 2, 3, 5, 6], [4, 5, 6], [0, 4, 5, 6], [1, 4, 5, 6], [0, 1, 4, 5, 6], [2, 4, 5, 6], [0, 2, 4, 5, 6], [1, 2, 4, 5, 6], [0, 1, 2, 4, 5, 6], [3, 4, 5, 6], [0, 3, 4, 5, 6], [1, 3, 4, 5, 6], [0, 1, 3, 4, 5, 6], [2, 3, 4, 5, 6], [0, 2, 3, 4, 5, 6], [1, 2, 3, 4, 5, 6], [0, 1, 2, 3, 4, 5, 6], [7], [0, 7], [1, 7], [0, 1, 7], [2, 7], [0, 2, 7], [1, 2, 7], [0, 1, 2, 7], [3, 7], [0, 3, 7], [1, 3, 7], [0, 1, 3, 7], [2, 3, 7], [0, 2, 3, 7], [1, 2, 3, 7], [0, 1, 2, 3, 7], [4, 7], [0, 4, 7], [1, 4, 7], [0, 1, 4, 7], [2, 4, 7], [0, 2, 4, 7], [1, 2, 4, 7], [0, 1, 2, 4, 7], [3, 4, 7], [0, 3, 4, 7], [1, 3, 4, 7], [0, 1, 3, 4, 7], [2, 3, 4, 7], [0, 2, 3, 4, 7], [1, 2, 3, 4, 7], [0, 1, 2, 3, 4, 7], [5, 7], [0, 5, 7], [1, 5, 7], [0, 1, 5, 7], [2, 5, 7], [0, 2, 5, 7], [1, 2, 5, 7], [0, 1, 2, 5, 7], [3, 5, 7], [0, 3, 5, 7], [1, 3, 5, 7], [0, 1, 3, 5, 7], [2, 3, 5, 7], [0, 2, 3, 5, 7], [1, 2, 3, 5, 7], [0, 1, 2, 3, 5, 7], [4, 5, 7], [0, 4, 5, 7], [1, 4, 5, 7], [0, 1, 4, 5, 7], [2, 4, 5, 7], [0, 2, 4, 5, 7], [1, 2, 4, 5, 7], [0, 1, 2, 4, 5, 7], [3, 4, 5, 7], [0, 3, 4, 5, 7], [1, 3, 4, 5, 7], [0, 1, 3, 4, 5, 7], [2, 3, 4, 5, 7], [0, 2, 3, 4, 5, 7], [1, 2, 3, 4, 5, 7], [0, 1, 2, 3, 4, 5, 7], [6, 7], [0, 6, 7], [1, 6, 7], [0, 1, 6, 7], [2, 6, 7], [0, 2, 6, 7], [1, 2, 6, 7], [0, 1, 2, 6, 7], [3, 6, 7], [0, 3, 6, 7], [1, 3, 6, 7], [0, 1, 3, 6, 7], [2, 3, 6, 7], [0, 2, 3, 6, 7], [1, 2, 3, 6, 7], [0, 1, 2, 3, 6, 7], [4, 6, 7], [0, 4, 6, 7], [1, 4, 6, 7], [0, 1, 4, 6, 7], [2, 4, 6, 7], [0, 2, 4, 6, 7], [1, 2, 4, 6, 7], [0, 1, 2, 4, 6, 7], [3, 4, 6, 7], [0, 3, 4, 6, 7], [1, 3, 4, 6, 7], [0, 1, 3, 4, 6, 7], [2, 3, 4, 6, 7], [0, 2, 3, 4, 6, 7], [1, 2, 3, 4, 6, 7], [0, 1, 2, 3, 4, 6, 7], [5, 6, 7], [0, 5, 6, 7], [1, 5, 6, 7], [0, 1, 5, 6, 7], [2, 5, 6, 7], [0, 2, 5, 6, 7], [1, 2, 5, 6, 7], [0, 1, 2, 5, 6, 7], [3, 5, 6, 7], [0, 3, 5, 6, 7], [1, 3, 5, 6, 7], [0, 1, 3, 5, 6, 7], [2, 3, 5, 6, 7], [0, 2, 3, 5, 6, 7], [1, 2, 3, 5, 6, 7], [0, 1, 2, 3, 5, 6, 7], [4, 5, 6, 7], [0, 4, 5, 6, 7], [1, 4, 5, 6, 7], [0, 1, 4, 5, 6, 7], [2, 4, 5, 6, 7], [0, 2, 4, 5, 6, 7], [1, 2, 4, 5, 6, 7], [0, 1, 2, 4, 5, 6, 7], [3, 4, 5, 6, 7], [0, 3, 4, 5, 6, 7], [1, 3, 4, 5, 6, 7], [0, 1, 3, 4, 5, 6, 7], [2, 3, 4, 5, 6, 7], [0, 2, 3, 4, 5, 6, 7], [1, 2, 3, 4, 5, 6, 7], [0, 1, 2, 3, 4, 5, 6, 7], [8], [0, 8], [1, 8], [0, 1, 8], [2, 8], [0, 2, 8], [1, 2, 8], [0, 1, 2, 8], [3, 8], [0, 3, 8], [1, 3, 8], [0, 1, 3, 8], [2, 3, 8], [0, 2, 3, 8], [1, 2, 3, 8], [0, 1, 2, 3, 8], [4, 8], [0, 4, 8], [1, 4, 8], [0, 1, 4, 8], [2, 4, 8], [0, 2, 4, 8], [1, 2, 4, 8], [0, 1, 2, 4, 8], [3, 4, 8], [0, 3, 4, 8], [1, 3, 4, 8], [0, 1, 3, 4, 8], [2, 3, 4, 8], [0, 2, 3, 4, 8], [1, 2, 3, 4, 8], [0, 1, 2, 3, 4, 8], [5, 8], [0, 5, 8], [1, 5, 8], [0, 1, 5, 8], [2, 5, 8], [0, 2, 5, 8], [1, 2, 5, 8], [0, 1, 2, 5, 8], [3, 5, 8], [0, 3, 5, 8], [1, 3, 5, 8], [0, 1, 3, 5, 8], [2, 3, 5, 8], [0, 2, 3, 5, 8], [1, 2, 3, 5, 8], [0, 1, 2, 3, 5, 8], [4, 5, 8], [0, 4, 5, 8], [1, 4, 5, 8], [0, 1, 4, 5, 8], [2, 4, 5, 8], [0, 2, 4, 5, 8], [1, 2, 4, 5, 8], [0, 1, 2, 4, 5, 8], [3, 4, 5, 8], [0, 3, 4, 5, 8], [1, 3, 4, 5, 8], [0, 1, 3, 4, 5, 8], [2, 3, 4, 5, 8], [0, 2, 3, 4, 5, 8], [1, 2, 3, 4, 5, 8], [0, 1, 2, 3, 4, 5, 8], [6, 8], [0, 6, 8], [1, 6, 8], [0, 1, 6, 8], [2, 6, 8], [0, 2, 6, 8], [1, 2, 6, 8], [0, 1, 2, 6, 8], [3, 6, 8], [0, 3, 6, 8], [1, 3, 6, 8], [0, 1, 3, 6, 8], [2, 3, 6, 8], [0, 2, 3, 6, 8], [1, 2, 3, 6, 8], [0, 1, 2, 3, 6, 8], [4, 6, 8], [0, 4, 6, 8], [1, 4, 6, 8], [0, 1, 4, 6, 8], [2, 4, 6, 8], [0, 2, 4, 6, 8], [1, 2, 4, 6, 8], [0, 1, 2, 4, 6, 8], [3, 4, 6, 8], [0, 3, 4, 6, 8], [1, 3, 4, 6, 8], [0, 1, 3, 4, 6, 8], [2, 3, 4, 6, 8], [0, 2, 3, 4, 6, 8], [1, 2, 3, 4, 6, 8], [0, 1, 2, 3, 4, 6, 8], [5, 6, 8], [0, 5, 6, 8], [1, 5, 6, 8], [0, 1, 5, 6, 8], [2, 5, 6, 8], [0, 2, 5, 6, 8], [1, 2, 5, 6, 8], [0, 1, 2, 5, 6, 8], [3, 5, 6, 8], [0, 3, 5, 6, 8], [1, 3, 5, 6, 8], [0, 1, 3, 5, 6, 8], [2, 3, 5, 6, 8], [0, 2, 3, 5, 6, 8], [1, 2, 3, 5, 6, 8], [0, 1, 2, 3, 5, 6, 8], [4, 5, 6, 8], [0, 4, 5, 6, 8], [1, 4, 5, 6, 8], [0, 1, 4, 5, 6, 8], [2, 4, 5, 6, 8], [0, 2, 4, 5, 6, 8], [1, 2, 4, 5, 6, 8], [0, 1, 2, 4, 5, 6, 8], [3, 4, 5, 6, 8], [0, 3, 4, 5, 6, 8], [1, 3, 4, 5, 6, 8], [0, 1, 3, 4, 5, 6, 8], [2, 3, 4, 5, 6, 8], [0, 2, 3, 4, 5, 6, 8], [1, 2, 3, 4, 5, 6, 8], [0, 1, 2, 3, 4, 5, 6, 8], [7, 8], [0, 7, 8], [1, 7, 8], [0, 1, 7, 8], [2, 7, 8], [0, 2, 7, 8], [1, 2, 7, 8], [0, 1, 2, 7, 8], [3, 7, 8], [0, 3, 7, 8], [1, 3, 7, 8], [0, 1, 3, 7, 8], [2, 3, 7, 8], [0, 2, 3, 7, 8], [1, 2, 3, 7, 8], [0, 1, 2, 3, 7, 8], [4, 7, 8], [0, 4, 7, 8], [1, 4, 7, 8], [0, 1, 4, 7, 8], [2, 4, 7, 8], [0, 2, 4, 7, 8], [1, 2, 4, 7, 8], [0, 1, 2, 4, 7, 8], [3, 4, 7, 8], [0, 3, 4, 7, 8], [1, 3, 4, 7, 8], [0, 1, 3, 4, 7, 8], [2, 3, 4, 7, 8], [0, 2, 3, 4, 7, 8], [1, 2, 3, 4, 7, 8], [0, 1, 2, 3, 4, 7, 8], [5, 7, 8], [0, 5, 7, 8], [1, 5, 7, 8], [0, 1, 5, 7, 8], [2, 5, 7, 8], [0, 2, 5, 7, 8], [1, 2, 5, 7, 8], [0, 1, 2, 5, 7, 8], [3, 5, 7, 8], [0, 3, 5, 7, 8], [1, 3, 5, 7, 8], [0, 1, 3, 5, 7, 8], [2, 3, 5, 7, 8], [0, 2, 3, 5, 7, 8], [1, 2, 3, 5, 7, 8], [0, 1, 2, 3, 5, 7, 8], [4, 5, 7, 8], [0, 4, 5, 7, 8], [1, 4, 5, 7, 8], [0, 1, 4, 5, 7, 8], [2, 4, 5, 7, 8], [0, 2, 4, 5, 7, 8], [1, 2, 4, 5, 7, 8], [0, 1, 2, 4, 5, 7, 8], [3, 4, 5, 7, 8], [0, 3, 4, 5, 7, 8], [1, 3, 4, 5, 7, 8], [0, 1, 3, 4, 5, 7, 8], [2, 3, 4, 5, 7, 8], [0, 2, 3, 4, 5, 7, 8], [1, 2, 3, 4, 5, 7, 8], [0, 1, 2, 3, 4, 5, 7, 8], [6, 7, 8], [0, 6, 7, 8], [1, 6, 7, 8], [0, 1, 6, 7, 8], [2, 6, 7, 8], [0, 2, 6, 7, 8], [1, 2, 6, 7, 8], [0, 1, 2, 6, 7, 8], [3, 6, 7, 8], [0, 3, 6, 7, 8], [1, 3, 6, 7, 8], [0, 1, 3, 6, 7, 8], [2, 3, 6, 7, 8], [0, 2, 3, 6, 7, 8], [1, 2, 3, 6, 7, 8], [0, 1, 2, 3, 6, 7, 8], [4, 6, 7, 8], [0, 4, 6, 7, 8], [1, 4, 6, 7, 8], [0, 1, 4, 6, 7, 8], [2, 4, 6, 7, 8], [0, 2, 4, 6, 7, 8], [1, 2, 4, 6, 7, 8], [0, 1, 2, 4, 6, 7, 8], [3, 4, 6, 7, 8], [0, 3, 4, 6, 7, 8], [1, 3, 4, 6, 7, 8], [0, 1, 3, 4, 6, 7, 8], [2, 3, 4, 6, 7, 8], [0, 2, 3, 4, 6, 7, 8], [1, 2, 3, 4, 6, 7, 8], [0, 1, 2, 3, 4, 6, 7, 8], [5, 6, 7, 8], [0, 5, 6, 7, 8], [1, 5, 6, 7, 8], [0, 1, 5, 6, 7, 8], [2, 5, 6, 7, 8], [0, 2, 5, 6, 7, 8], [1, 2, 5, 6, 7, 8], [0, 1, 2, 5, 6, 7, 8], [3, 5, 6, 7, 8], [0, 3, 5, 6, 7, 8], [1, 3, 5, 6, 7, 8], [0, 1, 3, 5, 6, 7, 8], [2, 3, 5, 6, 7, 8], [0, 2, 3, 5, 6, 7, 8], [1, 2, 3, 5, 6, 7, 8], [0, 1, 2, 3, 5, 6, 7, 8], [4, 5, 6, 7, 8], [0, 4, 5, 6, 7, 8], [1, 4, 5, 6, 7, 8], [0, 1, 4, 5, 6, 7, 8], [2, 4, 5, 6, 7, 8], [0, 2, 4, 5, 6, 7, 8], [1, 2, 4, 5, 6, 7, 8], [0, 1, 2, 4, 5, 6, 7, 8], [3, 4, 5, 6, 7, 8], [0, 3, 4, 5, 6, 7, 8], [1, 3, 4, 5, 6, 7, 8], [0, 1, 3, 4, 5, 6, 7, 8], [2, 3, 4, 5, 6, 7, 8], [0, 2, 3, 4, 5, 6, 7, 8], [1, 2, 3, 4, 5, 6, 7, 8], [0, 1, 2, 3, 4, 5, 6, 7, 8], [9], [0, 9], [1, 9], [0, 1, 9], [2, 9], [0, 2, 9], [1, 2, 9], [0, 1, 2, 9], [3, 9], [0, 3, 9], [1, 3, 9], [0, 1, 3, 9], [2, 3, 9], [0, 2, 3, 9], [1, 2, 3, 9], [0, 1, 2, 3, 9], [4, 9], [0, 4, 9], [1, 4, 9], [0, 1, 4, 9], [2, 4, 9], [0, 2, 4, 9], [1, 2, 4, 9], [0, 1, 2, 4, 9], [3, 4, 9], [0, 3, 4, 9], [1, 3, 4, 9], [0, 1, 3, 4, 9], [2, 3, 4, 9], [0, 2, 3, 4, 9], [1, 2, 3, 4, 9], [0, 1, 2, 3, 4, 9], [5, 9], [0, 5, 9], [1, 5, 9], [0, 1, 5, 9], [2, 5, 9], [0, 2, 5, 9], [1, 2, 5, 9], [0, 1, 2, 5, 9], [3, 5, 9], [0, 3, 5, 9], [1, 3, 5, 9], [0, 1, 3, 5, 9], [2, 3, 5, 9], [0, 2, 3, 5, 9], [1, 2, 3, 5, 9], [0, 1, 2, 3, 5, 9], [4, 5, 9], [0, 4, 5, 9], [1, 4, 5, 9], [0, 1, 4, 5, 9], [2, 4, 5, 9], [0, 2, 4, 5, 9], [1, 2, 4, 5, 9], [0, 1, 2, 4, 5, 9], [3, 4, 5, 9], [0, 3, 4, 5, 9], [1, 3, 4, 5, 9], [0, 1, 3, 4, 5, 9], [2, 3, 4, 5, 9], [0, 2, 3, 4, 5, 9], [1, 2, 3, 4, 5, 9], [0, 1, 2, 3, 4, 5, 9], [6, 9], [0, 6, 9], [1, 6, 9], [0, 1, 6, 9], [2, 6, 9], [0, 2, 6, 9], [1, 2, 6, 9], [0, 1, 2, 6, 9], [3, 6, 9], [0, 3, 6, 9], [1, 3, 6, 9], [0, 1, 3, 6, 9], [2, 3, 6, 9], [0, 2, 3, 6, 9], [1, 2, 3, 6, 9], [0, 1, 2, 3, 6, 9], [4, 6, 9], [0, 4, 6, 9], [1, 4, 6, 9], [0, 1, 4, 6, 9], [2, 4, 6, 9], [0, 2, 4, 6, 9], [1, 2, 4, 6, 9], [0, 1, 2, 4, 6, 9], [3, 4, 6, 9], [0, 3, 4, 6, 9], [1, 3, 4, 6, 9], [0, 1, 3, 4, 6, 9], [2, 3, 4, 6, 9], [0, 2, 3, 4, 6, 9], [1, 2, 3, 4, 6, 9], [0, 1, 2, 3, 4, 6, 9], [5, 6, 9], [0, 5, 6, 9], [1, 5, 6, 9], [0, 1, 5, 6, 9], [2, 5, 6, 9], [0, 2, 5, 6, 9], [1, 2, 5, 6, 9], [0, 1, 2, 5, 6, 9], [3, 5, 6, 9], [0, 3, 5, 6, 9], [1, 3, 5, 6, 9], [0, 1, 3, 5, 6, 9], [2, 3, 5, 6, 9], [0, 2, 3, 5, 6, 9], [1, 2, 3, 5, 6, 9], [0, 1, 2, 3, 5, 6, 9], [4, 5, 6, 9], [0, 4, 5, 6, 9], [1, 4, 5, 6, 9], [0, 1, 4, 5, 6, 9], [2, 4, 5, 6, 9], [0, 2, 4, 5, 6, 9], [1, 2, 4, 5, 6, 9], [0, 1, 2, 4, 5, 6, 9], [3, 4, 5, 6, 9], [0, 3, 4, 5, 6, 9], [1, 3, 4, 5, 6, 9], [0, 1, 3, 4, 5, 6, 9], [2, 3, 4, 5, 6, 9], [0, 2, 3, 4, 5, 6, 9], [1, 2, 3, 4, 5, 6, 9], [0, 1, 2, 3, 4, 5, 6, 9], [7, 9], [0, 7, 9], [1, 7, 9], [0, 1, 7, 9], [2, 7, 9], [0, 2, 7, 9], [1, 2, 7, 9], [0, 1, 2, 7, 9], [3, 7, 9], [0, 3, 7, 9], [1, 3, 7, 9], [0, 1, 3, 7, 9], [2, 3, 7, 9], [0, 2, 3, 7, 9], [1, 2, 3, 7, 9], [0, 1, 2, 3, 7, 9], [4, 7, 9], [0, 4, 7, 9], [1, 4, 7, 9], [0, 1, 4, 7, 9], [2, 4, 7, 9], [0, 2, 4, 7, 9], [1, 2, 4, 7, 9], [0, 1, 2, 4, 7, 9], [3, 4, 7, 9], [0, 3, 4, 7, 9], [1, 3, 4, 7, 9], [0, 1, 3, 4, 7, 9], [2, 3, 4, 7, 9], [0, 2, 3, 4, 7, 9], [1, 2, 3, 4, 7, 9], [0, 1, 2, 3, 4, 7, 9], [5, 7, 9], [0, 5, 7, 9], [1, 5, 7, 9], [0, 1, 5, 7, 9], [2, 5, 7, 9], [0, 2, 5, 7, 9], [1, 2, 5, 7, 9], [0, 1, 2, 5, 7, 9], [3, 5, 7, 9], [0, 3, 5, 7, 9], [1, 3, 5, 7, 9], [0, 1, 3, 5, 7, 9], [2, 3, 5, 7, 9], [0, 2, 3, 5, 7, 9], [1, 2, 3, 5, 7, 9], [0, 1, 2, 3, 5, 7, 9], [4, 5, 7, 9], [0, 4, 5, 7, 9], [1, 4, 5, 7, 9], [0, 1, 4, 5, 7, 9], [2, 4, 5, 7, 9], [0, 2, 4, 5, 7, 9], [1, 2, 4, 5, 7, 9], [0, 1, 2, 4, 5, 7, 9], [3, 4, 5, 7, 9], [0, 3, 4, 5, 7, 9], [1, 3, 4, 5, 7, 9], [0, 1, 3, 4, 5, 7, 9], [2, 3, 4, 5, 7, 9], [0, 2, 3, 4, 5, 7, 9], [1, 2, 3, 4, 5, 7, 9], [0, 1, 2, 3, 4, 5, 7, 9], [6, 7, 9], [0, 6, 7, 9], [1, 6, 7, 9], [0, 1, 6, 7, 9], [2, 6, 7, 9], [0, 2, 6, 7, 9], [1, 2, 6, 7, 9], [0, 1, 2, 6, 7, 9], [3, 6, 7, 9], [0, 3, 6, 7, 9], [1, 3, 6, 7, 9], [0, 1, 3, 6, 7, 9], [2, 3, 6, 7, 9], [0, 2, 3, 6, 7, 9], [1, 2, 3, 6, 7, 9], [0, 1, 2, 3, 6, 7, 9], [4, 6, 7, 9], [0, 4, 6, 7, 9], [1, 4, 6, 7, 9], [0, 1, 4, 6, 7, 9], [2, 4, 6, 7, 9], [0, 2, 4, 6, 7, 9], [1, 2, 4, 6, 7, 9], [0, 1, 2, 4, 6, 7, 9], [3, 4, 6, 7, 9], [0, 3, 4, 6, 7, 9], [1, 3, 4, 6, 7, 9], [0, 1, 3, 4, 6, 7, 9], [2, 3, 4, 6, 7, 9], [0, 2, 3, 4, 6, 7, 9], [1, 2, 3, 4, 6, 7, 9], [0, 1, 2, 3, 4, 6, 7, 9], [5, 6, 7, 9], [0, 5, 6, 7, 9], [1, 5, 6, 7, 9], [0, 1, 5, 6, 7, 9], [2, 5, 6, 7, 9], [0, 2, 5, 6, 7, 9], [1, 2, 5, 6, 7, 9], [0, 1, 2, 5, 6, 7, 9], [3, 5, 6, 7, 9], [0, 3, 5, 6, 7, 9], [1, 3, 5, 6, 7, 9], [0, 1, 3, 5, 6, 7, 9], [2, 3, 5, 6, 7, 9], [0, 2, 3, 5, 6, 7, 9], [1, 2, 3, 5, 6, 7, 9], [0, 1, 2, 3, 5, 6, 7, 9], [4, 5, 6, 7, 9], [0, 4, 5, 6, 7, 9], [1, 4, 5, 6, 7, 9], [0, 1, 4, 5, 6, 7, 9], [2, 4, 5, 6, 7, 9], [0, 2, 4, 5, 6, 7, 9], [1, 2, 4, 5, 6, 7, 9], [0, 1, 2, 4, 5, 6, 7, 9], [3, 4, 5, 6, 7, 9], [0, 3, 4, 5, 6, 7, 9], [1, 3, 4, 5, 6, 7, 9], [0, 1, 3, 4, 5, 6, 7, 9], [2, 3, 4, 5, 6, 7, 9], [0, 2, 3, 4, 5, 6, 7, 9], [1, 2, 3, 4, 5, 6, 7, 9], [0, 1, 2, 3, 4, 5, 6, 7, 9], [8, 9], [0, 8, 9], [1, 8, 9], [0, 1, 8, 9], [2, 8, 9], [0, 2, 8, 9], [1, 2, 8, 9], [0, 1, 2, 8, 9], [3, 8, 9], [0, 3, 8, 9], [1, 3, 8, 9], [0, 1, 3, 8, 9], [2, 3, 8, 9], [0, 2, 3, 8, 9], [1, 2, 3, 8, 9], [0, 1, 2, 3, 8, 9], [4, 8, 9], [0, 4, 8, 9], [1, 4, 8, 9], [0, 1, 4, 8, 9], [2, 4, 8, 9], [0, 2, 4, 8, 9], [1, 2, 4, 8, 9], [0, 1, 2, 4, 8, 9], [3, 4, 8, 9], [0, 3, 4, 8, 9], [1, 3, 4, 8, 9], [0, 1, 3, 4, 8, 9], [2, 3, 4, 8, 9], [0, 2, 3, 4, 8, 9], [1, 2, 3, 4, 8, 9], [0, 1, 2, 3, 4, 8, 9], [5, 8, 9], [0, 5, 8, 9], [1, 5, 8, 9], [0, 1, 5, 8, 9], [2, 5, 8, 9], [0, 2, 5, 8, 9], [1, 2, 5, 8, 9], [0, 1, 2, 5, 8, 9], [3, 5, 8, 9], [0, 3, 5, 8, 9], [1, 3, 5, 8, 9], [0, 1, 3, 5, 8, 9], [2, 3, 5, 8, 9], [0, 2, 3, 5, 8, 9], [1, 2, 3, 5, 8, 9], [0, 1, 2, 3, 5, 8, 9], [4, 5, 8, 9], [0, 4, 5, 8, 9], [1, 4, 5, 8, 9], [0, 1, 4, 5, 8, 9], [2, 4, 5, 8, 9], [0, 2, 4, 5, 8, 9], [1, 2, 4, 5, 8, 9], [0, 1, 2, 4, 5, 8, 9], [3, 4, 5, 8, 9], [0, 3, 4, 5, 8, 9], [1, 3, 4, 5, 8, 9], [0, 1, 3, 4, 5, 8, 9], [2, 3, 4, 5, 8, 9], [0, 2, 3, 4, 5, 8, 9], [1, 2, 3, 4, 5, 8, 9], [0, 1, 2, 3, 4, 5, 8, 9], [6, 8, 9], [0, 6, 8, 9], [1, 6, 8, 9], [0, 1, 6, 8, 9], [2, 6, 8, 9], [0, 2, 6, 8, 9], [1, 2, 6, 8, 9], [0, 1, 2, 6, 8, 9], [3, 6, 8, 9], [0, 3, 6, 8, 9], [1, 3, 6, 8, 9], [0, 1, 3, 6, 8, 9], [2, 3, 6, 8, 9], [0, 2, 3, 6, 8, 9], [1, 2, 3, 6, 8, 9], [0, 1, 2, 3, 6, 8, 9], [4, 6, 8, 9], [0, 4, 6, 8, 9], [1, 4, 6, 8, 9], [0, 1, 4, 6, 8, 9], [2, 4, 6, 8, 9], [0, 2, 4, 6, 8, 9], [1, 2, 4, 6, 8, 9], [0, 1, 2, 4, 6, 8, 9], [3, 4, 6, 8, 9], [0, 3, 4, 6, 8, 9], [1, 3, 4, 6, 8, 9], [0, 1, 3, 4, 6, 8, 9], [2, 3, 4, 6, 8, 9], [0, 2, 3, 4, 6, 8, 9], [1, 2, 3, 4, 6, 8, 9], [0, 1, 2, 3, 4, 6, 8, 9], [5, 6, 8, 9], [0, 5, 6, 8, 9], [1, 5, 6, 8, 9], [0, 1, 5, 6, 8, 9], [2, 5, 6, 8, 9], [0, 2, 5, 6, 8, 9], [1, 2, 5, 6, 8, 9], [0, 1, 2, 5, 6, 8, 9], [3, 5, 6, 8, 9], [0, 3, 5, 6, 8, 9], [1, 3, 5, 6, 8, 9], [0, 1, 3, 5, 6, 8, 9], [2, 3, 5, 6, 8, 9], [0, 2, 3, 5, 6, 8, 9], [1, 2, 3, 5, 6, 8, 9], [0, 1, 2, 3, 5, 6, 8, 9], [4, 5, 6, 8, 9], [0, 4, 5, 6, 8, 9], [1, 4, 5, 6, 8, 9], [0, 1, 4, 5, 6, 8, 9], [2, 4, 5, 6, 8, 9], [0, 2, 4, 5, 6, 8, 9], [1, 2, 4, 5, 6, 8, 9], [0, 1, 2, 4, 5, 6, 8, 9], [3, 4, 5, 6, 8, 9], [0, 3, 4, 5, 6, 8, 9], [1, 3, 4, 5, 6, 8, 9], [0, 1, 3, 4, 5, 6, 8, 9], [2, 3, 4, 5, 6, 8, 9], [0, 2, 3, 4, 5, 6, 8, 9], [1, 2, 3, 4, 5, 6, 8, 9], [0, 1, 2, 3, 4, 5, 6, 8, 9], [7, 8, 9], [0, 7, 8, 9], [1, 7, 8, 9], [0, 1, 7, 8, 9], [2, 7, 8, 9], [0, 2, 7, 8, 9], [1, 2, 7, 8, 9], [0, 1, 2, 7, 8, 9], [3, 7, 8, 9], [0, 3, 7, 8, 9], [1, 3, 7, 8, 9], [0, 1, 3, 7, 8, 9], [2, 3, 7, 8, 9], [0, 2, 3, 7, 8, 9], [1, 2, 3, 7, 8, 9], [0, 1, 2, 3, 7, 8, 9], [4, 7, 8, 9], [0, 4, 7, 8, 9], [1, 4, 7, 8, 9], [0, 1, 4, 7, 8, 9], [2, 4, 7, 8, 9], [0, 2, 4, 7, 8, 9], [1, 2, 4, 7, 8, 9], [0, 1, 2, 4, 7, 8, 9], [3, 4, 7, 8, 9], [0, 3, 4, 7, 8, 9], [1, 3, 4, 7, 8, 9], [0, 1, 3, 4, 7, 8, 9], [2, 3, 4, 7, 8, 9], [0, 2, 3, 4, 7, 8, 9], [1, 2, 3, 4, 7, 8, 9], [0, 1, 2, 3, 4, 7, 8, 9], [5, 7, 8, 9], [0, 5, 7, 8, 9], [1, 5, 7, 8, 9], [0, 1, 5, 7, 8, 9], [2, 5, 7, 8, 9], [0, 2, 5, 7, 8, 9], [1, 2, 5, 7, 8, 9], [0, 1, 2, 5, 7, 8, 9], [3, 5, 7, 8, 9], [0, 3, 5, 7, 8, 9], [1, 3, 5, 7, 8, 9], [0, 1, 3, 5, 7, 8, 9], [2, 3, 5, 7, 8, 9], [0, 2, 3, 5, 7, 8, 9], [1, 2, 3, 5, 7, 8, 9], [0, 1, 2, 3, 5, 7, 8, 9], [4, 5, 7, 8, 9], [0, 4, 5, 7, 8, 9], [1, 4, 5, 7, 8, 9], [0, 1, 4, 5, 7, 8, 9], [2, 4, 5, 7, 8, 9], [0, 2, 4, 5, 7, 8, 9], [1, 2, 4, 5, 7, 8, 9], [0, 1, 2, 4, 5, 7, 8, 9], [3, 4, 5, 7, 8, 9], [0, 3, 4, 5, 7, 8, 9], [1, 3, 4, 5, 7, 8, 9], [0, 1, 3, 4, 5, 7, 8, 9], [2, 3, 4, 5, 7, 8, 9], [0, 2, 3, 4, 5, 7, 8, 9], [1, 2, 3, 4, 5, 7, 8, 9], [0, 1, 2, 3, 4, 5, 7, 8, 9], [6, 7, 8, 9], [0, 6, 7, 8, 9], [1, 6, 7, 8, 9], [0, 1, 6, 7, 8, 9], [2, 6, 7, 8, 9], [0, 2, 6, 7, 8, 9], [1, 2, 6, 7, 8, 9], [0, 1, 2, 6, 7, 8, 9], [3, 6, 7, 8, 9], [0, 3, 6, 7, 8, 9], [1, 3, 6, 7, 8, 9], [0, 1, 3, 6, 7, 8, 9], [2, 3, 6, 7, 8, 9], [0, 2, 3, 6, 7, 8, 9], [1, 2, 3, 6, 7, 8, 9], [0, 1, 2, 3, 6, 7, 8, 9], [4, 6, 7, 8, 9], [0, 4, 6, 7, 8, 9], [1, 4, 6, 7, 8, 9], [0, 1, 4, 6, 7, 8, 9], [2, 4, 6, 7, 8, 9], [0, 2, 4, 6, 7, 8, 9], [1, 2, 4, 6, 7, 8, 9], [0, 1, 2, 4, 6, 7, 8, 9], [3, 4, 6, 7, 8, 9], [0, 3, 4, 6, 7, 8, 9], [1, 3, 4, 6, 7, 8, 9], [0, 1, 3, 4, 6, 7, 8, 9], [2, 3, 4, 6, 7, 8, 9], [0, 2, 3, 4, 6, 7, 8, 9], [1, 2, 3, 4, 6, 7, 8, 9], [0, 1, 2, 3, 4, 6, 7, 8, 9], [5, 6, 7, 8, 9], [0, 5, 6, 7, 8, 9], [1, 5, 6, 7, 8, 9], [0, 1, 5, 6, 7, 8, 9], [2, 5, 6, 7, 8, 9], [0, 2, 5, 6, 7, 8, 9], [1, 2, 5, 6, 7, 8, 9], [0, 1, 2, 5, 6, 7, 8, 9], [3, 5, 6, 7, 8, 9], [0, 3, 5, 6, 7, 8, 9], [1, 3, 5, 6, 7, 8, 9], [0, 1, 3, 5, 6, 7, 8, 9], [2, 3, 5, 6, 7, 8, 9], [0, 2, 3, 5, 6, 7, 8, 9], [1, 2, 3, 5, 6, 7, 8, 9], [0, 1, 2, 3, 5, 6, 7, 8, 9], [4, 5, 6, 7, 8, 9], [0, 4, 5, 6, 7, 8, 9], [1, 4, 5, 6, 7, 8, 9], [0, 1, 4, 5, 6, 7, 8, 9], [2, 4, 5, 6, 7, 8, 9], [0, 2, 4, 5, 6, 7, 8, 9], [1, 2, 4, 5, 6, 7, 8, 9], [0, 1, 2, 4, 5, 6, 7, 8, 9], [3, 4, 5, 6, 7, 8, 9], [0, 3, 4, 5, 6, 7, 8, 9], [1, 3, 4, 5, 6, 7, 8, 9], [0, 1, 3, 4, 5, 6, 7, 8, 9], [2, 3, 4, 5, 6, 7, 8, 9], [0, 2, 3, 4, 5, 6, 7, 8, 9], [1, 2, 3, 4, 5, 6, 7, 8, 9], [0, 1, 2, 3, 4, 5, 6, 7, 8, 9]]
Vertex cover: [0, 2, 3, 4, 5, 6, 7, 8]
 Execution Time (in milliseconds): 3.470897674560547
========== INPUT 8 ==========
No. of Vertices: 10
No.of edges: 45
Original vertices: [0, 1, 2, 3, 4, 5, 6, 7, 8, 9]
Shuffled vertices:[7, 2, 5, 8, 1, 3, 6, 4, 0, 9]
Edges: [(2, 7), (5, 2), (8, 7), (1, 2), (3, 7), (6, 8), (4, 6), (0, 1), (9, 3), (9, 7), (4, 2), (5, 3), (0, 8), (1, 3), (0, 5), (2, 9), (2, 6), (8, 2), (6, 7), (5, 7), (8, 9), (4, 3), (8, 5), (5, 9), (9, 1), (3, 6), (5, 4), (4, 1), (7, 0), (9, 4), (1, 8), (2, 3), (3, 8), (2, 0), (5, 1), (0, 4), (9, 6), (3, 0), (7, 4), (1, 6), (8, 4), (0, 9), (6, 5), (6, 0), (1, 7)]
Power set: [[], [0], [1], [0, 1], [2], [0, 2], [1, 2], [0, 1, 2], [3], [0, 3], [1, 3], [0, 1, 3], [2, 3], [0, 2, 3], [1, 2, 3], [0, 1, 2, 3], [4], [0, 4], [1, 4], [0, 1, 4], [2, 4], [0, 2, 4], [1, 2, 4], [0, 1, 2, 4], [3, 4], [0, 3, 4], [1, 3, 4], [0, 1, 3, 4], [2, 3, 4], [0, 2, 3, 4], [1, 2, 3, 4], [0, 1, 2, 3, 4], [5], [0, 5], [1, 5], [0, 1, 5], [2, 5], [0, 2, 5], [1, 2, 5], [0, 1, 2, 5], [3, 5], [0, 3, 5], [1, 3, 5], [0, 1, 3, 5], [2, 3, 5], [0, 2, 3, 5], [1, 2, 3, 5], [0, 1, 2, 3, 5], [4, 5], [0, 4, 5], [1, 4, 5], [0, 1, 4, 5], [2, 4, 5], [0, 2, 4, 5], [1, 2, 4, 5], [0, 1, 2, 4, 5], [3, 4, 5], [0, 3, 4, 5], [1, 3, 4, 5], [0, 1, 3, 4, 5], [2, 3, 4, 5], [0, 2, 3, 4, 5], [1, 2, 3, 4, 5], [0, 1, 2, 3, 4, 5], [6], [0, 6], [1, 6], [0, 1, 6], [2, 6], [0, 2, 6], [1, 2, 6], [0, 1, 2, 6], [3, 6], [0, 3, 6], [1, 3, 6], [0, 1, 3, 6], [2, 3, 6], [0, 2, 3, 6], [1, 2, 3, 6], [0, 1, 2, 3, 6], [4, 6], [0, 4, 6], [1, 4, 6], [0, 1, 4, 6], [2, 4, 6], [0, 2, 4, 6], [1, 2, 4, 6], [0, 1, 2, 4, 6], [3, 4, 6], [0, 3, 4, 6], [1, 3, 4, 6], [0, 1, 3, 4, 6], [2, 3, 4, 6], [0, 2, 3, 4, 6], [1, 2, 3, 4, 6], [0, 1, 2, 3, 4, 6], [5, 6], [0, 5, 6], [1, 5, 6], [0, 1, 5, 6], [2, 5, 6], [0, 2, 5, 6], [1, 2, 5, 6], [0, 1, 2, 5, 6], [3, 5, 6], [0, 3, 5, 6], [1, 3, 5, 6], [0, 1, 3, 5, 6], [2, 3, 5, 6], [0, 2, 3, 5, 6], [1, 2, 3, 5, 6], [0, 1, 2, 3, 5, 6], [4, 5, 6], [0, 4, 5, 6], [1, 4, 5, 6], [0, 1, 4, 5, 6], [2, 4, 5, 6], [0, 2, 4, 5, 6], [1, 2, 4, 5, 6], [0, 1, 2, 4, 5, 6], [3, 4, 5, 6], [0, 3, 4, 5, 6], [1, 3, 4, 5, 6], [0, 1, 3, 4, 5, 6], [2, 3, 4, 5, 6], [0, 2, 3, 4, 5, 6], [1, 2, 3, 4, 5, 6], [0, 1, 2, 3, 4, 5, 6], [7], [0, 7], [1, 7], [0, 1, 7], [2, 7], [0, 2, 7], [1, 2, 7], [0, 1, 2, 7], [3, 7], [0, 3, 7], [1, 3, 7], [0, 1, 3, 7], [2, 3, 7], [0, 2, 3, 7], [1, 2, 3, 7], [0, 1, 2, 3, 7], [4, 7], [0, 4, 7], [1, 4, 7], [0, 1, 4, 7], [2, 4, 7], [0, 2, 4, 7], [1, 2, 4, 7], [0, 1, 2, 4, 7], [3, 4, 7], [0, 3, 4, 7], [1, 3, 4, 7], [0, 1, 3, 4, 7], [2, 3, 4, 7], [0, 2, 3, 4, 7], [1, 2, 3, 4, 7], [0, 1, 2, 3, 4, 7], [5, 7], [0, 5, 7], [1, 5, 7], [0, 1, 5, 7], [2, 5, 7], [0, 2, 5, 7], [1, 2, 5, 7], [0, 1, 2, 5, 7], [3, 5, 7], [0, 3, 5, 7], [1, 3, 5, 7], [0, 1, 3, 5, 7], [2, 3, 5, 7], [0, 2, 3, 5, 7], [1, 2, 3, 5, 7], [0, 1, 2, 3, 5, 7], [4, 5, 7], [0, 4, 5, 7], [1, 4, 5, 7], [0, 1, 4, 5, 7], [2, 4, 5, 7], [0, 2, 4, 5, 7], [1, 2, 4, 5, 7], [0, 1, 2, 4, 5, 7], [3, 4, 5, 7], [0, 3, 4, 5, 7], [1, 3, 4, 5, 7], [0, 1, 3, 4, 5, 7], [2, 3, 4, 5, 7], [0, 2, 3, 4, 5, 7], [1, 2, 3, 4, 5, 7], [0, 1, 2, 3, 4, 5, 7], [6, 7], [0, 6, 7], [1, 6, 7], [0, 1, 6, 7], [2, 6, 7], [0, 2, 6, 7], [1, 2, 6, 7], [0, 1, 2, 6, 7], [3, 6, 7], [0, 3, 6, 7], [1, 3, 6, 7], [0, 1, 3, 6, 7], [2, 3, 6, 7], [0, 2, 3, 6, 7], [1, 2, 3, 6, 7], [0, 1, 2, 3, 6, 7], [4, 6, 7], [0, 4, 6, 7], [1, 4, 6, 7], [0, 1, 4, 6, 7], [2, 4, 6, 7], [0, 2, 4, 6, 7], [1, 2, 4, 6, 7], [0, 1, 2, 4, 6, 7], [3, 4, 6, 7], [0, 3, 4, 6, 7], [1, 3, 4, 6, 7], [0, 1, 3, 4, 6, 7], [2, 3, 4, 6, 7], [0, 2, 3, 4, 6, 7], [1, 2, 3, 4, 6, 7], [0, 1, 2, 3, 4, 6, 7], [5, 6, 7], [0, 5, 6, 7], [1, 5, 6, 7], [0, 1, 5, 6, 7], [2, 5, 6, 7], [0, 2, 5, 6, 7], [1, 2, 5, 6, 7], [0, 1, 2, 5, 6, 7], [3, 5, 6, 7], [0, 3, 5, 6, 7], [1, 3, 5, 6, 7], [0, 1, 3, 5, 6, 7], [2, 3, 5, 6, 7], [0, 2, 3, 5, 6, 7], [1, 2, 3, 5, 6, 7], [0, 1, 2, 3, 5, 6, 7], [4, 5, 6, 7], [0, 4, 5, 6, 7], [1, 4, 5, 6, 7], [0, 1, 4, 5, 6, 7], [2, 4, 5, 6, 7], [0, 2, 4, 5, 6, 7], [1, 2, 4, 5, 6, 7], [0, 1, 2, 4, 5, 6, 7], [3, 4, 5, 6, 7], [0, 3, 4, 5, 6, 7], [1, 3, 4, 5, 6, 7], [0, 1, 3, 4, 5, 6, 7], [2, 3, 4, 5, 6, 7], [0, 2, 3, 4, 5, 6, 7], [1, 2, 3, 4, 5, 6, 7], [0, 1, 2, 3, 4, 5, 6, 7], [8], [0, 8], [1, 8], [0, 1, 8], [2, 8], [0, 2, 8], [1, 2, 8], [0, 1, 2, 8], [3, 8], [0, 3, 8], [1, 3, 8], [0, 1, 3, 8], [2, 3, 8], [0, 2, 3, 8], [1, 2, 3, 8], [0, 1, 2, 3, 8], [4, 8], [0, 4, 8], [1, 4, 8], [0, 1, 4, 8], [2, 4, 8], [0, 2, 4, 8], [1, 2, 4, 8], [0, 1, 2, 4, 8], [3, 4, 8], [0, 3, 4, 8], [1, 3, 4, 8], [0, 1, 3, 4, 8], [2, 3, 4, 8], [0, 2, 3, 4, 8], [1, 2, 3, 4, 8], [0, 1, 2, 3, 4, 8], [5, 8], [0, 5, 8], [1, 5, 8], [0, 1, 5, 8], [2, 5, 8], [0, 2, 5, 8], [1, 2, 5, 8], [0, 1, 2, 5, 8], [3, 5, 8], [0, 3, 5, 8], [1, 3, 5, 8], [0, 1, 3, 5, 8], [2, 3, 5, 8], [0, 2, 3, 5, 8], [1, 2, 3, 5, 8], [0, 1, 2, 3, 5, 8], [4, 5, 8], [0, 4, 5, 8], [1, 4, 5, 8], [0, 1, 4, 5, 8], [2, 4, 5, 8], [0, 2, 4, 5, 8], [1, 2, 4, 5, 8], [0, 1, 2, 4, 5, 8], [3, 4, 5, 8], [0, 3, 4, 5, 8], [1, 3, 4, 5, 8], [0, 1, 3, 4, 5, 8], [2, 3, 4, 5, 8], [0, 2, 3, 4, 5, 8], [1, 2, 3, 4, 5, 8], [0, 1, 2, 3, 4, 5, 8], [6, 8], [0, 6, 8], [1, 6, 8], [0, 1, 6, 8], [2, 6, 8], [0, 2, 6, 8], [1, 2, 6, 8], [0, 1, 2, 6, 8], [3, 6, 8], [0, 3, 6, 8], [1, 3, 6, 8], [0, 1, 3, 6, 8], [2, 3, 6, 8], [0, 2, 3, 6, 8], [1, 2, 3, 6, 8], [0, 1, 2, 3, 6, 8], [4, 6, 8], [0, 4, 6, 8], [1, 4, 6, 8], [0, 1, 4, 6, 8], [2, 4, 6, 8], [0, 2, 4, 6, 8], [1, 2, 4, 6, 8], [0, 1, 2, 4, 6, 8], [3, 4, 6, 8], [0, 3, 4, 6, 8], [1, 3, 4, 6, 8], [0, 1, 3, 4, 6, 8], [2, 3, 4, 6, 8], [0, 2, 3, 4, 6, 8], [1, 2, 3, 4, 6, 8], [0, 1, 2, 3, 4, 6, 8], [5, 6, 8], [0, 5, 6, 8], [1, 5, 6, 8], [0, 1, 5, 6, 8], [2, 5, 6, 8], [0, 2, 5, 6, 8], [1, 2, 5, 6, 8], [0, 1, 2, 5, 6, 8], [3, 5, 6, 8], [0, 3, 5, 6, 8], [1, 3, 5, 6, 8], [0, 1, 3, 5, 6, 8], [2, 3, 5, 6, 8], [0, 2, 3, 5, 6, 8], [1, 2, 3, 5, 6, 8], [0, 1, 2, 3, 5, 6, 8], [4, 5, 6, 8], [0, 4, 5, 6, 8], [1, 4, 5, 6, 8], [0, 1, 4, 5, 6, 8], [2, 4, 5, 6, 8], [0, 2, 4, 5, 6, 8], [1, 2, 4, 5, 6, 8], [0, 1, 2, 4, 5, 6, 8], [3, 4, 5, 6, 8], [0, 3, 4, 5, 6, 8], [1, 3, 4, 5, 6, 8], [0, 1, 3, 4, 5, 6, 8], [2, 3, 4, 5, 6, 8], [0, 2, 3, 4, 5, 6, 8], [1, 2, 3, 4, 5, 6, 8], [0, 1, 2, 3, 4, 5, 6, 8], [7, 8], [0, 7, 8], [1, 7, 8], [0, 1, 7, 8], [2, 7, 8], [0, 2, 7, 8], [1, 2, 7, 8], [0, 1, 2, 7, 8], [3, 7, 8], [0, 3, 7, 8], [1, 3, 7, 8], [0, 1, 3, 7, 8], [2, 3, 7, 8], [0, 2, 3, 7, 8], [1, 2, 3, 7, 8], [0, 1, 2, 3, 7, 8], [4, 7, 8], [0, 4, 7, 8], [1, 4, 7, 8], [0, 1, 4, 7, 8], [2, 4, 7, 8], [0, 2, 4, 7, 8], [1, 2, 4, 7, 8], [0, 1, 2, 4, 7, 8], [3, 4, 7, 8], [0, 3, 4, 7, 8], [1, 3, 4, 7, 8], [0, 1, 3, 4, 7, 8], [2, 3, 4, 7, 8], [0, 2, 3, 4, 7, 8], [1, 2, 3, 4, 7, 8], [0, 1, 2, 3, 4, 7, 8], [5, 7, 8], [0, 5, 7, 8], [1, 5, 7, 8], [0, 1, 5, 7, 8], [2, 5, 7, 8], [0, 2, 5, 7, 8], [1, 2, 5, 7, 8], [0, 1, 2, 5, 7, 8], [3, 5, 7, 8], [0, 3, 5, 7, 8], [1, 3, 5, 7, 8], [0, 1, 3, 5, 7, 8], [2, 3, 5, 7, 8], [0, 2, 3, 5, 7, 8], [1, 2, 3, 5, 7, 8], [0, 1, 2, 3, 5, 7, 8], [4, 5, 7, 8], [0, 4, 5, 7, 8], [1, 4, 5, 7, 8], [0, 1, 4, 5, 7, 8], [2, 4, 5, 7, 8], [0, 2, 4, 5, 7, 8], [1, 2, 4, 5, 7, 8], [0, 1, 2, 4, 5, 7, 8], [3, 4, 5, 7, 8], [0, 3, 4, 5, 7, 8], [1, 3, 4, 5, 7, 8], [0, 1, 3, 4, 5, 7, 8], [2, 3, 4, 5, 7, 8], [0, 2, 3, 4, 5, 7, 8], [1, 2, 3, 4, 5, 7, 8], [0, 1, 2, 3, 4, 5, 7, 8], [6, 7, 8], [0, 6, 7, 8], [1, 6, 7, 8], [0, 1, 6, 7, 8], [2, 6, 7, 8], [0, 2, 6, 7, 8], [1, 2, 6, 7, 8], [0, 1, 2, 6, 7, 8], [3, 6, 7, 8], [0, 3, 6, 7, 8], [1, 3, 6, 7, 8], [0, 1, 3, 6, 7, 8], [2, 3, 6, 7, 8], [0, 2, 3, 6, 7, 8], [1, 2, 3, 6, 7, 8], [0, 1, 2, 3, 6, 7, 8], [4, 6, 7, 8], [0, 4, 6, 7, 8], [1, 4, 6, 7, 8], [0, 1, 4, 6, 7, 8], [2, 4, 6, 7, 8], [0, 2, 4, 6, 7, 8], [1, 2, 4, 6, 7, 8], [0, 1, 2, 4, 6, 7, 8], [3, 4, 6, 7, 8], [0, 3, 4, 6, 7, 8], [1, 3, 4, 6, 7, 8], [0, 1, 3, 4, 6, 7, 8], [2, 3, 4, 6, 7, 8], [0, 2, 3, 4, 6, 7, 8], [1, 2, 3, 4, 6, 7, 8], [0, 1, 2, 3, 4, 6, 7, 8], [5, 6, 7, 8], [0, 5, 6, 7, 8], [1, 5, 6, 7, 8], [0, 1, 5, 6, 7, 8], [2, 5, 6, 7, 8], [0, 2, 5, 6, 7, 8], [1, 2, 5, 6, 7, 8], [0, 1, 2, 5, 6, 7, 8], [3, 5, 6, 7, 8], [0, 3, 5, 6, 7, 8], [1, 3, 5, 6, 7, 8], [0, 1, 3, 5, 6, 7, 8], [2, 3, 5, 6, 7, 8], [0, 2, 3, 5, 6, 7, 8], [1, 2, 3, 5, 6, 7, 8], [0, 1, 2, 3, 5, 6, 7, 8], [4, 5, 6, 7, 8], [0, 4, 5, 6, 7, 8], [1, 4, 5, 6, 7, 8], [0, 1, 4, 5, 6, 7, 8], [2, 4, 5, 6, 7, 8], [0, 2, 4, 5, 6, 7, 8], [1, 2, 4, 5, 6, 7, 8], [0, 1, 2, 4, 5, 6, 7, 8], [3, 4, 5, 6, 7, 8], [0, 3, 4, 5, 6, 7, 8], [1, 3, 4, 5, 6, 7, 8], [0, 1, 3, 4, 5, 6, 7, 8], [2, 3, 4, 5, 6, 7, 8], [0, 2, 3, 4, 5, 6, 7, 8], [1, 2, 3, 4, 5, 6, 7, 8], [0, 1, 2, 3, 4, 5, 6, 7, 8], [9], [0, 9], [1, 9], [0, 1, 9], [2, 9], [0, 2, 9], [1, 2, 9], [0, 1, 2, 9], [3, 9], [0, 3, 9], [1, 3, 9], [0, 1, 3, 9], [2, 3, 9], [0, 2, 3, 9], [1, 2, 3, 9], [0, 1, 2, 3, 9], [4, 9], [0, 4, 9], [1, 4, 9], [0, 1, 4, 9], [2, 4, 9], [0, 2, 4, 9], [1, 2, 4, 9], [0, 1, 2, 4, 9], [3, 4, 9], [0, 3, 4, 9], [1, 3, 4, 9], [0, 1, 3, 4, 9], [2, 3, 4, 9], [0, 2, 3, 4, 9], [1, 2, 3, 4, 9], [0, 1, 2, 3, 4, 9], [5, 9], [0, 5, 9], [1, 5, 9], [0, 1, 5, 9], [2, 5, 9], [0, 2, 5, 9], [1, 2, 5, 9], [0, 1, 2, 5, 9], [3, 5, 9], [0, 3, 5, 9], [1, 3, 5, 9], [0, 1, 3, 5, 9], [2, 3, 5, 9], [0, 2, 3, 5, 9], [1, 2, 3, 5, 9], [0, 1, 2, 3, 5, 9], [4, 5, 9], [0, 4, 5, 9], [1, 4, 5, 9], [0, 1, 4, 5, 9], [2, 4, 5, 9], [0, 2, 4, 5, 9], [1, 2, 4, 5, 9], [0, 1, 2, 4, 5, 9], [3, 4, 5, 9], [0, 3, 4, 5, 9], [1, 3, 4, 5, 9], [0, 1, 3, 4, 5, 9], [2, 3, 4, 5, 9], [0, 2, 3, 4, 5, 9], [1, 2, 3, 4, 5, 9], [0, 1, 2, 3, 4, 5, 9], [6, 9], [0, 6, 9], [1, 6, 9], [0, 1, 6, 9], [2, 6, 9], [0, 2, 6, 9], [1, 2, 6, 9], [0, 1, 2, 6, 9], [3, 6, 9], [0, 3, 6, 9], [1, 3, 6, 9], [0, 1, 3, 6, 9], [2, 3, 6, 9], [0, 2, 3, 6, 9], [1, 2, 3, 6, 9], [0, 1, 2, 3, 6, 9], [4, 6, 9], [0, 4, 6, 9], [1, 4, 6, 9], [0, 1, 4, 6, 9], [2, 4, 6, 9], [0, 2, 4, 6, 9], [1, 2, 4, 6, 9], [0, 1, 2, 4, 6, 9], [3, 4, 6, 9], [0, 3, 4, 6, 9], [1, 3, 4, 6, 9], [0, 1, 3, 4, 6, 9], [2, 3, 4, 6, 9], [0, 2, 3, 4, 6, 9], [1, 2, 3, 4, 6, 9], [0, 1, 2, 3, 4, 6, 9], [5, 6, 9], [0, 5, 6, 9], [1, 5, 6, 9], [0, 1, 5, 6, 9], [2, 5, 6, 9], [0, 2, 5, 6, 9], [1, 2, 5, 6, 9], [0, 1, 2, 5, 6, 9], [3, 5, 6, 9], [0, 3, 5, 6, 9], [1, 3, 5, 6, 9], [0, 1, 3, 5, 6, 9], [2, 3, 5, 6, 9], [0, 2, 3, 5, 6, 9], [1, 2, 3, 5, 6, 9], [0, 1, 2, 3, 5, 6, 9], [4, 5, 6, 9], [0, 4, 5, 6, 9], [1, 4, 5, 6, 9], [0, 1, 4, 5, 6, 9], [2, 4, 5, 6, 9], [0, 2, 4, 5, 6, 9], [1, 2, 4, 5, 6, 9], [0, 1, 2, 4, 5, 6, 9], [3, 4, 5, 6, 9], [0, 3, 4, 5, 6, 9], [1, 3, 4, 5, 6, 9], [0, 1, 3, 4, 5, 6, 9], [2, 3, 4, 5, 6, 9], [0, 2, 3, 4, 5, 6, 9], [1, 2, 3, 4, 5, 6, 9], [0, 1, 2, 3, 4, 5, 6, 9], [7, 9], [0, 7, 9], [1, 7, 9], [0, 1, 7, 9], [2, 7, 9], [0, 2, 7, 9], [1, 2, 7, 9], [0, 1, 2, 7, 9], [3, 7, 9], [0, 3, 7, 9], [1, 3, 7, 9], [0, 1, 3, 7, 9], [2, 3, 7, 9], [0, 2, 3, 7, 9], [1, 2, 3, 7, 9], [0, 1, 2, 3, 7, 9], [4, 7, 9], [0, 4, 7, 9], [1, 4, 7, 9], [0, 1, 4, 7, 9], [2, 4, 7, 9], [0, 2, 4, 7, 9], [1, 2, 4, 7, 9], [0, 1, 2, 4, 7, 9], [3, 4, 7, 9], [0, 3, 4, 7, 9], [1, 3, 4, 7, 9], [0, 1, 3, 4, 7, 9], [2, 3, 4, 7, 9], [0, 2, 3, 4, 7, 9], [1, 2, 3, 4, 7, 9], [0, 1, 2, 3, 4, 7, 9], [5, 7, 9], [0, 5, 7, 9], [1, 5, 7, 9], [0, 1, 5, 7, 9], [2, 5, 7, 9], [0, 2, 5, 7, 9], [1, 2, 5, 7, 9], [0, 1, 2, 5, 7, 9], [3, 5, 7, 9], [0, 3, 5, 7, 9], [1, 3, 5, 7, 9], [0, 1, 3, 5, 7, 9], [2, 3, 5, 7, 9], [0, 2, 3, 5, 7, 9], [1, 2, 3, 5, 7, 9], [0, 1, 2, 3, 5, 7, 9], [4, 5, 7, 9], [0, 4, 5, 7, 9], [1, 4, 5, 7, 9], [0, 1, 4, 5, 7, 9], [2, 4, 5, 7, 9], [0, 2, 4, 5, 7, 9], [1, 2, 4, 5, 7, 9], [0, 1, 2, 4, 5, 7, 9], [3, 4, 5, 7, 9], [0, 3, 4, 5, 7, 9], [1, 3, 4, 5, 7, 9], [0, 1, 3, 4, 5, 7, 9], [2, 3, 4, 5, 7, 9], [0, 2, 3, 4, 5, 7, 9], [1, 2, 3, 4, 5, 7, 9], [0, 1, 2, 3, 4, 5, 7, 9], [6, 7, 9], [0, 6, 7, 9], [1, 6, 7, 9], [0, 1, 6, 7, 9], [2, 6, 7, 9], [0, 2, 6, 7, 9], [1, 2, 6, 7, 9], [0, 1, 2, 6, 7, 9], [3, 6, 7, 9], [0, 3, 6, 7, 9], [1, 3, 6, 7, 9], [0, 1, 3, 6, 7, 9], [2, 3, 6, 7, 9], [0, 2, 3, 6, 7, 9], [1, 2, 3, 6, 7, 9], [0, 1, 2, 3, 6, 7, 9], [4, 6, 7, 9], [0, 4, 6, 7, 9], [1, 4, 6, 7, 9], [0, 1, 4, 6, 7, 9], [2, 4, 6, 7, 9], [0, 2, 4, 6, 7, 9], [1, 2, 4, 6, 7, 9], [0, 1, 2, 4, 6, 7, 9], [3, 4, 6, 7, 9], [0, 3, 4, 6, 7, 9], [1, 3, 4, 6, 7, 9], [0, 1, 3, 4, 6, 7, 9], [2, 3, 4, 6, 7, 9], [0, 2, 3, 4, 6, 7, 9], [1, 2, 3, 4, 6, 7, 9], [0, 1, 2, 3, 4, 6, 7, 9], [5, 6, 7, 9], [0, 5, 6, 7, 9], [1, 5, 6, 7, 9], [0, 1, 5, 6, 7, 9], [2, 5, 6, 7, 9], [0, 2, 5, 6, 7, 9], [1, 2, 5, 6, 7, 9], [0, 1, 2, 5, 6, 7, 9], [3, 5, 6, 7, 9], [0, 3, 5, 6, 7, 9], [1, 3, 5, 6, 7, 9], [0, 1, 3, 5, 6, 7, 9], [2, 3, 5, 6, 7, 9], [0, 2, 3, 5, 6, 7, 9], [1, 2, 3, 5, 6, 7, 9], [0, 1, 2, 3, 5, 6, 7, 9], [4, 5, 6, 7, 9], [0, 4, 5, 6, 7, 9], [1, 4, 5, 6, 7, 9], [0, 1, 4, 5, 6, 7, 9], [2, 4, 5, 6, 7, 9], [0, 2, 4, 5, 6, 7, 9], [1, 2, 4, 5, 6, 7, 9], [0, 1, 2, 4, 5, 6, 7, 9], [3, 4, 5, 6, 7, 9], [0, 3, 4, 5, 6, 7, 9], [1, 3, 4, 5, 6, 7, 9], [0, 1, 3, 4, 5, 6, 7, 9], [2, 3, 4, 5, 6, 7, 9], [0, 2, 3, 4, 5, 6, 7, 9], [1, 2, 3, 4, 5, 6, 7, 9], [0, 1, 2, 3, 4, 5, 6, 7, 9], [8, 9], [0, 8, 9], [1, 8, 9], [0, 1, 8, 9], [2, 8, 9], [0, 2, 8, 9], [1, 2, 8, 9], [0, 1, 2, 8, 9], [3, 8, 9], [0, 3, 8, 9], [1, 3, 8, 9], [0, 1, 3, 8, 9], [2, 3, 8, 9], [0, 2, 3, 8, 9], [1, 2, 3, 8, 9], [0, 1, 2, 3, 8, 9], [4, 8, 9], [0, 4, 8, 9], [1, 4, 8, 9], [0, 1, 4, 8, 9], [2, 4, 8, 9], [0, 2, 4, 8, 9], [1, 2, 4, 8, 9], [0, 1, 2, 4, 8, 9], [3, 4, 8, 9], [0, 3, 4, 8, 9], [1, 3, 4, 8, 9], [0, 1, 3, 4, 8, 9], [2, 3, 4, 8, 9], [0, 2, 3, 4, 8, 9], [1, 2, 3, 4, 8, 9], [0, 1, 2, 3, 4, 8, 9], [5, 8, 9], [0, 5, 8, 9], [1, 5, 8, 9], [0, 1, 5, 8, 9], [2, 5, 8, 9], [0, 2, 5, 8, 9], [1, 2, 5, 8, 9], [0, 1, 2, 5, 8, 9], [3, 5, 8, 9], [0, 3, 5, 8, 9], [1, 3, 5, 8, 9], [0, 1, 3, 5, 8, 9], [2, 3, 5, 8, 9], [0, 2, 3, 5, 8, 9], [1, 2, 3, 5, 8, 9], [0, 1, 2, 3, 5, 8, 9], [4, 5, 8, 9], [0, 4, 5, 8, 9], [1, 4, 5, 8, 9], [0, 1, 4, 5, 8, 9], [2, 4, 5, 8, 9], [0, 2, 4, 5, 8, 9], [1, 2, 4, 5, 8, 9], [0, 1, 2, 4, 5, 8, 9], [3, 4, 5, 8, 9], [0, 3, 4, 5, 8, 9], [1, 3, 4, 5, 8, 9], [0, 1, 3, 4, 5, 8, 9], [2, 3, 4, 5, 8, 9], [0, 2, 3, 4, 5, 8, 9], [1, 2, 3, 4, 5, 8, 9], [0, 1, 2, 3, 4, 5, 8, 9], [6, 8, 9], [0, 6, 8, 9], [1, 6, 8, 9], [0, 1, 6, 8, 9], [2, 6, 8, 9], [0, 2, 6, 8, 9], [1, 2, 6, 8, 9], [0, 1, 2, 6, 8, 9], [3, 6, 8, 9], [0, 3, 6, 8, 9], [1, 3, 6, 8, 9], [0, 1, 3, 6, 8, 9], [2, 3, 6, 8, 9], [0, 2, 3, 6, 8, 9], [1, 2, 3, 6, 8, 9], [0, 1, 2, 3, 6, 8, 9], [4, 6, 8, 9], [0, 4, 6, 8, 9], [1, 4, 6, 8, 9], [0, 1, 4, 6, 8, 9], [2, 4, 6, 8, 9], [0, 2, 4, 6, 8, 9], [1, 2, 4, 6, 8, 9], [0, 1, 2, 4, 6, 8, 9], [3, 4, 6, 8, 9], [0, 3, 4, 6, 8, 9], [1, 3, 4, 6, 8, 9], [0, 1, 3, 4, 6, 8, 9], [2, 3, 4, 6, 8, 9], [0, 2, 3, 4, 6, 8, 9], [1, 2, 3, 4, 6, 8, 9], [0, 1, 2, 3, 4, 6, 8, 9], [5, 6, 8, 9], [0, 5, 6, 8, 9], [1, 5, 6, 8, 9], [0, 1, 5, 6, 8, 9], [2, 5, 6, 8, 9], [0, 2, 5, 6, 8, 9], [1, 2, 5, 6, 8, 9], [0, 1, 2, 5, 6, 8, 9], [3, 5, 6, 8, 9], [0, 3, 5, 6, 8, 9], [1, 3, 5, 6, 8, 9], [0, 1, 3, 5, 6, 8, 9], [2, 3, 5, 6, 8, 9], [0, 2, 3, 5, 6, 8, 9], [1, 2, 3, 5, 6, 8, 9], [0, 1, 2, 3, 5, 6, 8, 9], [4, 5, 6, 8, 9], [0, 4, 5, 6, 8, 9], [1, 4, 5, 6, 8, 9], [0, 1, 4, 5, 6, 8, 9], [2, 4, 5, 6, 8, 9], [0, 2, 4, 5, 6, 8, 9], [1, 2, 4, 5, 6, 8, 9], [0, 1, 2, 4, 5, 6, 8, 9], [3, 4, 5, 6, 8, 9], [0, 3, 4, 5, 6, 8, 9], [1, 3, 4, 5, 6, 8, 9], [0, 1, 3, 4, 5, 6, 8, 9], [2, 3, 4, 5, 6, 8, 9], [0, 2, 3, 4, 5, 6, 8, 9], [1, 2, 3, 4, 5, 6, 8, 9], [0, 1, 2, 3, 4, 5, 6, 8, 9], [7, 8, 9], [0, 7, 8, 9], [1, 7, 8, 9], [0, 1, 7, 8, 9], [2, 7, 8, 9], [0, 2, 7, 8, 9], [1, 2, 7, 8, 9], [0, 1, 2, 7, 8, 9], [3, 7, 8, 9], [0, 3, 7, 8, 9], [1, 3, 7, 8, 9], [0, 1, 3, 7, 8, 9], [2, 3, 7, 8, 9], [0, 2, 3, 7, 8, 9], [1, 2, 3, 7, 8, 9], [0, 1, 2, 3, 7, 8, 9], [4, 7, 8, 9], [0, 4, 7, 8, 9], [1, 4, 7, 8, 9], [0, 1, 4, 7, 8, 9], [2, 4, 7, 8, 9], [0, 2, 4, 7, 8, 9], [1, 2, 4, 7, 8, 9], [0, 1, 2, 4, 7, 8, 9], [3, 4, 7, 8, 9], [0, 3, 4, 7, 8, 9], [1, 3, 4, 7, 8, 9], [0, 1, 3, 4, 7, 8, 9], [2, 3, 4, 7, 8, 9], [0, 2, 3, 4, 7, 8, 9], [1, 2, 3, 4, 7, 8, 9], [0, 1, 2, 3, 4, 7, 8, 9], [5, 7, 8, 9], [0, 5, 7, 8, 9], [1, 5, 7, 8, 9], [0, 1, 5, 7, 8, 9], [2, 5, 7, 8, 9], [0, 2, 5, 7, 8, 9], [1, 2, 5, 7, 8, 9], [0, 1, 2, 5, 7, 8, 9], [3, 5, 7, 8, 9], [0, 3, 5, 7, 8, 9], [1, 3, 5, 7, 8, 9], [0, 1, 3, 5, 7, 8, 9], [2, 3, 5, 7, 8, 9], [0, 2, 3, 5, 7, 8, 9], [1, 2, 3, 5, 7, 8, 9], [0, 1, 2, 3, 5, 7, 8, 9], [4, 5, 7, 8, 9], [0, 4, 5, 7, 8, 9], [1, 4, 5, 7, 8, 9], [0, 1, 4, 5, 7, 8, 9], [2, 4, 5, 7, 8, 9], [0, 2, 4, 5, 7, 8, 9], [1, 2, 4, 5, 7, 8, 9], [0, 1, 2, 4, 5, 7, 8, 9], [3, 4, 5, 7, 8, 9], [0, 3, 4, 5, 7, 8, 9], [1, 3, 4, 5, 7, 8, 9], [0, 1, 3, 4, 5, 7, 8, 9], [2, 3, 4, 5, 7, 8, 9], [0, 2, 3, 4, 5, 7, 8, 9], [1, 2, 3, 4, 5, 7, 8, 9], [0, 1, 2, 3, 4, 5, 7, 8, 9], [6, 7, 8, 9], [0, 6, 7, 8, 9], [1, 6, 7, 8, 9], [0, 1, 6, 7, 8, 9], [2, 6, 7, 8, 9], [0, 2, 6, 7, 8, 9], [1, 2, 6, 7, 8, 9], [0, 1, 2, 6, 7, 8, 9], [3, 6, 7, 8, 9], [0, 3, 6, 7, 8, 9], [1, 3, 6, 7, 8, 9], [0, 1, 3, 6, 7, 8, 9], [2, 3, 6, 7, 8, 9], [0, 2, 3, 6, 7, 8, 9], [1, 2, 3, 6, 7, 8, 9], [0, 1, 2, 3, 6, 7, 8, 9], [4, 6, 7, 8, 9], [0, 4, 6, 7, 8, 9], [1, 4, 6, 7, 8, 9], [0, 1, 4, 6, 7, 8, 9], [2, 4, 6, 7, 8, 9], [0, 2, 4, 6, 7, 8, 9], [1, 2, 4, 6, 7, 8, 9], [0, 1, 2, 4, 6, 7, 8, 9], [3, 4, 6, 7, 8, 9], [0, 3, 4, 6, 7, 8, 9], [1, 3, 4, 6, 7, 8, 9], [0, 1, 3, 4, 6, 7, 8, 9], [2, 3, 4, 6, 7, 8, 9], [0, 2, 3, 4, 6, 7, 8, 9], [1, 2, 3, 4, 6, 7, 8, 9], [0, 1, 2, 3, 4, 6, 7, 8, 9], [5, 6, 7, 8, 9], [0, 5, 6, 7, 8, 9], [1, 5, 6, 7, 8, 9], [0, 1, 5, 6, 7, 8, 9], [2, 5, 6, 7, 8, 9], [0, 2, 5, 6, 7, 8, 9], [1, 2, 5, 6, 7, 8, 9], [0, 1, 2, 5, 6, 7, 8, 9], [3, 5, 6, 7, 8, 9], [0, 3, 5, 6, 7, 8, 9], [1, 3, 5, 6, 7, 8, 9], [0, 1, 3, 5, 6, 7, 8, 9], [2, 3, 5, 6, 7, 8, 9], [0, 2, 3, 5, 6, 7, 8, 9], [1, 2, 3, 5, 6, 7, 8, 9], [0, 1, 2, 3, 5, 6, 7, 8, 9], [4, 5, 6, 7, 8, 9], [0, 4, 5, 6, 7, 8, 9], [1, 4, 5, 6, 7, 8, 9], [0, 1, 4, 5, 6, 7, 8, 9], [2, 4, 5, 6, 7, 8, 9], [0, 2, 4, 5, 6, 7, 8, 9], [1, 2, 4, 5, 6, 7, 8, 9], [0, 1, 2, 4, 5, 6, 7, 8, 9], [3, 4, 5, 6, 7, 8, 9], [0, 3, 4, 5, 6, 7, 8, 9], [1, 3, 4, 5, 6, 7, 8, 9], [0, 1, 3, 4, 5, 6, 7, 8, 9], [2, 3, 4, 5, 6, 7, 8, 9], [0, 2, 3, 4, 5, 6, 7, 8, 9], [1, 2, 3, 4, 5, 6, 7, 8, 9], [0, 1, 2, 3, 4, 5, 6, 7, 8, 9]]
Vertex cover: [0, 1, 2, 3, 4, 5, 6, 7, 8]
 Execution Time (in milliseconds): 6.259679794311523